/*
Navicat Oracle Data Transfer
Oracle Client Version : 12.1.0.1.0

Source Server         : 124
Source Server Version : 110200
Source Host           : 202.102.101.124:1521
Source Schema         : PLATFORM400

Target Server Type    : ORACLE
Target Server Version : 110200
File Encoding         : 65001

Date: 2014-01-15 10:49:20
*/


-- ----------------------------
-- Table structure for "PLATFORM400"."ATTACHFILES"
-- ----------------------------
DROP TABLE "PLATFORM400"."ATTACHFILES";
CREATE TABLE "PLATFORM400"."ATTACHFILES" (
"ROW_ID" VARCHAR2(32 CHAR) NOT NULL ,
"CREATETIME" DATE NULL ,
"CREATEUSERID" VARCHAR2(32 CHAR) NULL ,
"UPDATETIME" DATE NULL ,
"UPDATEUSERID" VARCHAR2(32 CHAR) NULL ,
"ATTACHNAME" VARCHAR2(500 CHAR) NULL ,
"ATTACHTYPE" VARCHAR2(100 CHAR) NULL ,
"CONTENT" BLOB NULL ,
"CONTENTTYPE" VARCHAR2(100 CHAR) NULL ,
"FILENAME" VARCHAR2(100 CHAR) NULL ,
"FORMROWGUID" VARCHAR2(255 CHAR) NULL ,
"INFOID" NUMBER(10) NULL ,
"MESSAGEID" NUMBER(10) NULL ,
"MSGID" NUMBER(10) NULL ,
"ONLINEMSGID" NUMBER(10) NULL ,
"ROWGUID" VARCHAR2(255 CHAR) NULL ,
"TEMPID" VARCHAR2(100 CHAR) NULL 
)
LOGGING
NOCOMPRESS
NOCACHE

;

-- ----------------------------
-- Records of ATTACHFILES
-- ----------------------------

-- ----------------------------
-- Table structure for "PLATFORM400"."BEHAVIOR_LOG_PARAM"
-- ----------------------------
DROP TABLE "PLATFORM400"."BEHAVIOR_LOG_PARAM";
CREATE TABLE "PLATFORM400"."BEHAVIOR_LOG_PARAM" (
"ROW_ID" VARCHAR2(32 CHAR) NOT NULL ,
"CREATETIME" DATE NULL ,
"CREATEUSERID" VARCHAR2(32 CHAR) NULL ,
"UPDATETIME" DATE NULL ,
"UPDATEUSERID" VARCHAR2(32 CHAR) NULL ,
"DELFLAG" NUMBER(10) NULL ,
"DEPTID" VARCHAR2(255 CHAR) NULL ,
"PARAM_NAME" VARCHAR2(255 CHAR) NULL ,
"PARAM_VALUE" VARCHAR2(255 CHAR) NULL ,
"LOG_ID" VARCHAR2(32 CHAR) NULL 
)
LOGGING
NOCOMPRESS
NOCACHE

;

-- ----------------------------
-- Records of BEHAVIOR_LOG_PARAM
-- ----------------------------

-- ----------------------------
-- Table structure for "PLATFORM400"."CODE"
-- ----------------------------
DROP TABLE "PLATFORM400"."CODE";
CREATE TABLE "PLATFORM400"."CODE" (
"ROW_ID" VARCHAR2(32 CHAR) NOT NULL ,
"CREATETIME" DATE NULL ,
"CREATEUSERID" VARCHAR2(32 CHAR) NULL ,
"UPDATETIME" DATE NULL ,
"UPDATEUSERID" VARCHAR2(32 CHAR) NULL ,
"CODE_NAME" VARCHAR2(40 CHAR) NOT NULL ,
"DEL_FLAG" FLOAT(126) NOT NULL ,
"SORT_SQ" FLOAT(126) NOT NULL ,
"COMMENTS" VARCHAR2(200 CHAR) NULL 
)
LOGGING
NOCOMPRESS
NOCACHE

;

-- ----------------------------
-- Records of CODE
-- ----------------------------
INSERT INTO "PLATFORM400"."CODE" VALUES ('0464f1a63362fccd013362fe3a390004', null, '402880e92db726b5012db729f65f0001', null, '402880e92db726b5012db729f65f0001', '信息类型', '0', '0', null);
INSERT INTO "PLATFORM400"."CODE" VALUES ('34ed7d8e2dbac147012dbac4f9060001', null, null, TO_DATE('2013-11-25 15:13:03', 'YYYY-MM-DD HH24:MI:SS'), '402880e92db726b5012db729f65f0001', '部门属性', '0', '10', ' ');
INSERT INTO "PLATFORM400"."CODE" VALUES ('402809812e7f8c28012e7fa82239000c', null, '402880e92ebc31be012ebc3d94960003', null, '402880e92ebc31be012ebc3d94960003', '是或否', '0', '2', null);
INSERT INTO "PLATFORM400"."CODE" VALUES ('40288b813c5cd3a6013c5cdd681f0007', null, null, TO_DATE('2013-11-25 15:12:49', 'YYYY-MM-DD HH24:MI:SS'), '402880e92db726b5012db729f65f0001', '用户行为类别', '0', '9', ' ');
INSERT INTO "PLATFORM400"."CODE" VALUES ('8a8180553c478187013c479015b5000e', TO_DATE('2013-01-17 16:11:30', 'YYYY-MM-DD HH24:MI:SS'), '402880e92db726b5012db729f65f0001', TO_DATE('2013-01-17 16:11:30', 'YYYY-MM-DD HH24:MI:SS'), '402880e92db726b5012db729f65f0001', '数据操作类型', '0', '2', ' ');
INSERT INTO "PLATFORM400"."CODE" VALUES ('8a8180553eac23cd013eac26770a001f', TO_DATE('2013-05-16 15:03:22', 'YYYY-MM-DD HH24:MI:SS'), '402880e92db726b5012db729f65f0001', TO_DATE('2013-05-16 15:03:22', 'YYYY-MM-DD HH24:MI:SS'), '402880e92db726b5012db729f65f0001', '角色类型', '0', '1', ' ');
INSERT INTO "PLATFORM400"."CODE" VALUES ('8a8180553eac23cd013eac26770a111f', TO_DATE('2013-05-16 15:03:22', 'YYYY-MM-DD HH24:MI:SS'), '402880e92db726b5012db729f65f0001', TO_DATE('2013-05-16 15:03:22', 'YYYY-MM-DD HH24:MI:SS'), '402880e92db726b5012db729f65f0001', '终端类型', '0', '1', ' ');

-- ----------------------------
-- Table structure for "PLATFORM400"."CODE_VALUE_EXTEND"
-- ----------------------------
DROP TABLE "PLATFORM400"."CODE_VALUE_EXTEND";
CREATE TABLE "PLATFORM400"."CODE_VALUE_EXTEND" (
"ROW_ID" VARCHAR2(32 CHAR) NOT NULL ,
"CREATETIME" DATE NULL ,
"CREATEUSERID" VARCHAR2(32 CHAR) NULL ,
"UPDATETIME" DATE NULL ,
"UPDATEUSERID" VARCHAR2(32 CHAR) NULL ,
"CODE_VALUE_ID" VARCHAR2(40 CHAR) NULL ,
"INFO" VARCHAR2(40 CHAR) NULL 
)
LOGGING
NOCOMPRESS
NOCACHE

;

-- ----------------------------
-- Records of CODE_VALUE_EXTEND
-- ----------------------------

-- ----------------------------
-- Table structure for "PLATFORM400"."CODEVALUE"
-- ----------------------------
DROP TABLE "PLATFORM400"."CODEVALUE";
CREATE TABLE "PLATFORM400"."CODEVALUE" (
"ROW_ID" VARCHAR2(32 CHAR) NOT NULL ,
"CREATETIME" DATE NULL ,
"CREATEUSERID" VARCHAR2(32 CHAR) NULL ,
"UPDATETIME" DATE NULL ,
"UPDATEUSERID" VARCHAR2(32 CHAR) NULL ,
"CHILD_NUM" FLOAT(126) NULL ,
"CODE_ID" VARCHAR2(50 CHAR) NOT NULL ,
"DEL_FLAG" FLOAT(126) NOT NULL ,
"ITEM_CODE" VARCHAR2(100 CHAR) NOT NULL ,
"ITEM_TEXT" VARCHAR2(100 CHAR) NOT NULL ,
"ITEM_VALUE" VARCHAR2(20 CHAR) NOT NULL ,
"SORT_SQ" FLOAT(126) NOT NULL ,
"PARRENT_ITEM_ID" VARCHAR2(32 CHAR) NULL ,
"COMMENTS" VARCHAR2(200 CHAR) NULL 
)
LOGGING
NOCOMPRESS
NOCACHE

;

-- ----------------------------
-- Records of CODEVALUE
-- ----------------------------
INSERT INTO "PLATFORM400"."CODEVALUE" VALUES ('0464f1a63362fccd013362fe6fdf0005', null, '402880e92db726b5012db729f65f0001', null, '402880e92db726b5012db729f65f0001', '0', '0464f1a63362fccd013362fe3a390004', '0', '052', '系统信息', '0', '0', null, null);
INSERT INTO "PLATFORM400"."CODEVALUE" VALUES ('0464f1a63362fccd013362fe8ba30006', null, '402880e92db726b5012db729f65f0001', null, '402880e92db726b5012db729f65f0001', '0', '0464f1a63362fccd013362fe3a390004', '0', '053', '普通信息', '1', '0', null, null);
INSERT INTO "PLATFORM400"."CODEVALUE" VALUES ('402809812ec18be5012ec1d971cf0013', null, null, null, null, '0', '402809812e7f8c28012e7fa82239000c', '0', '021', '是', '1', '0', null, null);
INSERT INTO "PLATFORM400"."CODEVALUE" VALUES ('402809812ec18be5012ec1d986440014', null, null, null, null, '0', '402809812e7f8c28012e7fa82239000c', '0', '022', '否', '0', '0', null, null);
INSERT INTO "PLATFORM400"."CODEVALUE" VALUES ('402880e92ebc40c5012ebc5e0054002e', null, '402880e92db726b5012db729f65f0001', null, '402880e92db726b5012db729f65f0001', '0', '34ed7d8e2dbac147012dbac4f9060001', '0', '001', '省级部门', '01', '0', null, null);
INSERT INTO "PLATFORM400"."CODEVALUE" VALUES ('402880e92ebc40c5012ebc5e2457002f', null, '402880e92db726b5012db729f65f0001', null, '402880e92db726b5012db729f65f0001', '0', '34ed7d8e2dbac147012dbac4f9060001', '0', '002', '市级部门', '02', '0', null, null);
INSERT INTO "PLATFORM400"."CODEVALUE" VALUES ('402880e92ebc40c5012ebc5e3b0c0030', null, '402880e92db726b5012db729f65f0001', null, '402880e92db726b5012db729f65f0001', '0', '34ed7d8e2dbac147012dbac4f9060001', '0', '003', '会员', '03', '0', null, null);
INSERT INTO "PLATFORM400"."CODEVALUE" VALUES ('402880e92ebc40c5012ebc5e5b550031', null, '402880e92db726b5012db729f65f0001', null, '402880e92db726b5012db729f65f0001', '0', '34ed7d8e2dbac147012dbac4f9060001', '0', '004', '一般部门', '04', '0', null, null);
INSERT INTO "PLATFORM400"."CODEVALUE" VALUES ('40288b813c5ca249013c5ca98cce0009', TO_DATE('2013-01-21 18:31:21', 'YYYY-MM-DD HH24:MI:SS'), '402880e92db726b5012db729f65f0001', TO_DATE('2013-01-21 18:32:08', 'YYYY-MM-DD HH24:MI:SS'), '402880e92db726b5012db729f65f0001', '0', '8a8180553c478187013c479015b5000e', '0', '073', '批量查询', '005', '5', null, null);
INSERT INTO "PLATFORM400"."CODEVALUE" VALUES ('40288b813c5cd3a6013c5cddcdb30008', TO_DATE('2013-01-21 19:28:25', 'YYYY-MM-DD HH24:MI:SS'), '402880e92db726b5012db729f65f0001', TO_DATE('2013-01-21 19:28:25', 'YYYY-MM-DD HH24:MI:SS'), '402880e92db726b5012db729f65f0001', '0', '40288b813c5cd3a6013c5cdd681f0007', '0', '074', '访问记录', '001', '1', null, null);
INSERT INTO "PLATFORM400"."CODEVALUE" VALUES ('8a8180553c478187013c47905c36000f', TO_DATE('2013-01-17 16:11:48', 'YYYY-MM-DD HH24:MI:SS'), '402880e92db726b5012db729f65f0001', TO_DATE('2013-01-21 18:31:56', 'YYYY-MM-DD HH24:MI:SS'), '402880e92db726b5012db729f65f0001', '0', '8a8180553c478187013c479015b5000e', '0', '067', '查看详情', '001', '1', null, null);
INSERT INTO "PLATFORM400"."CODEVALUE" VALUES ('8a8180553c478187013c479093630010', TO_DATE('2013-01-17 16:12:02', 'YYYY-MM-DD HH24:MI:SS'), '402880e92db726b5012db729f65f0001', TO_DATE('2013-01-17 16:12:02', 'YYYY-MM-DD HH24:MI:SS'), '402880e92db726b5012db729f65f0001', '0', '8a8180553c478187013c479015b5000e', '0', '068', '新建', '002', '2', null, null);
INSERT INTO "PLATFORM400"."CODEVALUE" VALUES ('8a8180553c478187013c479110590011', TO_DATE('2013-01-17 16:12:34', 'YYYY-MM-DD HH24:MI:SS'), '402880e92db726b5012db729f65f0001', TO_DATE('2013-01-17 16:12:34', 'YYYY-MM-DD HH24:MI:SS'), '402880e92db726b5012db729f65f0001', '0', '8a8180553c478187013c479015b5000e', '0', '069', '更新', '003', '3', null, null);
INSERT INTO "PLATFORM400"."CODEVALUE" VALUES ('8a8180553c478187013c47913bf10012', TO_DATE('2013-01-17 16:12:45', 'YYYY-MM-DD HH24:MI:SS'), '402880e92db726b5012db729f65f0001', TO_DATE('2013-01-22 09:50:25', 'YYYY-MM-DD HH24:MI:SS'), '402880e92db726b5012db729f65f0001', '0', '8a8180553c478187013c479015b5000e', '0', '070', '物理删除', '004', '4', null, null);
INSERT INTO "PLATFORM400"."CODEVALUE" VALUES ('8a8180553c5fcc3d013c5ff330a7000b', TO_DATE('2013-01-22 09:50:38', 'YYYY-MM-DD HH24:MI:SS'), '402880e92db726b5012db729f65f0001', TO_DATE('2013-01-22 09:50:38', 'YYYY-MM-DD HH24:MI:SS'), '402880e92db726b5012db729f65f0001', '0', '8a8180553c478187013c479015b5000e', '0', '075', '逻辑删除', '006', '6', null, null);
INSERT INTO "PLATFORM400"."CODEVALUE" VALUES ('8a8180553eac23cd013eac2d7f670029', null, null, null, null, '0', '8a8180553eac23cd013eac26770a001f', '0', '076', '系统角色', '001', '1', null, null);
INSERT INTO "PLATFORM400"."CODEVALUE" VALUES ('8a8180553eac23cd013eac4c642a006d', TO_DATE('2013-05-16 15:44:47', 'YYYY-MM-DD HH24:MI:SS'), '402880e92db726b5012db729f65f0001', TO_DATE('2013-05-16 15:44:47', 'YYYY-MM-DD HH24:MI:SS'), '402880e92db726b5012db729f65f0001', '0', '8a8180553eac23cd013eac26770a001f', '0', '080', '岗位角色', '002', '0', null, null);

-- ----------------------------
-- Table structure for "PLATFORM400"."CONTENT_ATTACHS"
-- ----------------------------
DROP TABLE "PLATFORM400"."CONTENT_ATTACHS";
CREATE TABLE "PLATFORM400"."CONTENT_ATTACHS" (
"ROW_ID" VARCHAR2(32 CHAR) NOT NULL ,
"CREATETIME" DATE NULL ,
"CREATEUSERID" VARCHAR2(32 CHAR) NULL ,
"UPDATETIME" DATE NULL ,
"UPDATEUSERID" VARCHAR2(32 CHAR) NULL ,
"DEPTID" VARCHAR2(50 CHAR) NULL ,
"DELFLAG" FLOAT(126) NULL ,
"INFO_ID" VARCHAR2(32 CHAR) NULL ,
"DOC_NAME" VARCHAR2(400 CHAR) NULL ,
"DOC_URL" VARCHAR2(1000 CHAR) NULL ,
"DOC_TYPE" VARCHAR2(50 CHAR) NULL ,
"ATTACH_NAME" VARCHAR2(400 CHAR) NULL 
)
LOGGING
NOCOMPRESS
NOCACHE

;

-- ----------------------------
-- Records of CONTENT_ATTACHS
-- ----------------------------

-- ----------------------------
-- Table structure for "PLATFORM400"."CONTENT_INFORMATIONS"
-- ----------------------------
DROP TABLE "PLATFORM400"."CONTENT_INFORMATIONS";
CREATE TABLE "PLATFORM400"."CONTENT_INFORMATIONS" (
"ROW_ID" VARCHAR2(32 CHAR) NOT NULL ,
"CREATETIME" DATE NULL ,
"CREATEUSERID" VARCHAR2(32 CHAR) NULL ,
"UPDATETIME" DATE NULL ,
"UPDATEUSERID" VARCHAR2(32 CHAR) NULL ,
"INFO_TITLE" VARCHAR2(200 CHAR) NULL ,
"INFO_TYPE" VARCHAR2(50 CHAR) NULL ,
"DEPT_ID" VARCHAR2(32 CHAR) NULL ,
"TOP_FLAG" VARCHAR2(50 CHAR) NULL ,
"EXPIRE_FLAG" VARCHAR2(50 CHAR) NULL ,
"USER_ID" VARCHAR2(32 CHAR) NULL ,
"PUBLIC_DATETIME" DATE NULL ,
"DEL_FLAG" VARCHAR2(50 CHAR) NULL ,
"PUBLIC_DATE" DATE NULL ,
"INFO_CONTENT" CLOB NULL 
)
LOGGING
NOCOMPRESS
NOCACHE

;

-- ----------------------------
-- Records of CONTENT_INFORMATIONS
-- ----------------------------

-- ----------------------------
-- Table structure for "PLATFORM400"."DATA_LOG"
-- ----------------------------
DROP TABLE "PLATFORM400"."DATA_LOG";
CREATE TABLE "PLATFORM400"."DATA_LOG" (
"ROW_ID" VARCHAR2(32 CHAR) NOT NULL ,
"CREATETIME" DATE NULL ,
"CREATEUSERID" VARCHAR2(32 CHAR) NULL ,
"UPDATETIME" DATE NULL ,
"UPDATEUSERID" VARCHAR2(32 CHAR) NULL ,
"DELFLAG" NUMBER(10) NULL ,
"DEPTID" VARCHAR2(255 CHAR) NULL ,
"ENTITY_NAME" VARCHAR2(255 CHAR) NULL ,
"OP_DURATION" NUMBER(24) NULL ,
"OP_ID" VARCHAR2(255 CHAR) NULL ,
"OP_LOG" VARCHAR2(255 CHAR) NULL ,
"OP_TYPE" VARCHAR2(255 CHAR) NULL ,
"RECORD_NUM" NUMBER(24) NULL 
)
LOGGING
NOCOMPRESS
NOCACHE

;

-- ----------------------------
-- Records of DATA_LOG
-- ----------------------------

-- ----------------------------
-- Table structure for "PLATFORM400"."DEPARTMENT"
-- ----------------------------
DROP TABLE "PLATFORM400"."DEPARTMENT";
CREATE TABLE "PLATFORM400"."DEPARTMENT" (
"ROW_ID" VARCHAR2(32 CHAR) NOT NULL ,
"CREATETIME" DATE NULL ,
"CREATEUSERID" VARCHAR2(32 CHAR) NULL ,
"UPDATETIME" DATE NULL ,
"UPDATEUSERID" VARCHAR2(32 CHAR) NULL ,
"AREA_CODE" VARCHAR2(50 CHAR) NULL ,
"DEL_FLAG" FLOAT(126) NOT NULL ,
"DEPT_CODE" VARCHAR2(100 CHAR) NOT NULL ,
"DEPT_NAME" VARCHAR2(100 CHAR) NOT NULL ,
"DEPT_TYPE_CODE" VARCHAR2(10 CHAR) NULL ,
"EXPIRATION_DATE" DATE NULL ,
"HAS_CHILD" FLOAT(126) NOT NULL ,
"IS_PUBLIC" FLOAT(126) NULL ,
"LINKED_DEPT_TYPE_CODE" VARCHAR2(30 CHAR) NULL ,
"NEED_APPROVAL" FLOAT(126) NULL ,
"NEED_SUB_FLOW" VARCHAR2(10 CHAR) NULL ,
"OPEN_DATE" DATE NULL ,
"SORT_SQ" FLOAT(126) NOT NULL ,
"USER_LIMITED_NUMBER" FLOAT(126) NULL ,
"PARENT_DEPT_ID" VARCHAR2(32 CHAR) NULL 
)
LOGGING
NOCOMPRESS
NOCACHE

;

-- ----------------------------
-- Records of DEPARTMENT
-- ----------------------------
INSERT INTO "PLATFORM400"."DEPARTMENT" VALUES ('402880e92db5d2ee012db601b2220004', null, null, TO_DATE('2013-07-16 15:06:09', 'YYYY-MM-DD HH24:MI:SS'), '402880e92db726b5012db729f65f0001', null, '0', '001', '系统管理', '01', null, '10', null, ' ', null, '1', null, '1', null, null);

-- ----------------------------
-- Table structure for "PLATFORM400"."DEPT_EXTEND"
-- ----------------------------
DROP TABLE "PLATFORM400"."DEPT_EXTEND";
CREATE TABLE "PLATFORM400"."DEPT_EXTEND" (
"ROW_ID" VARCHAR2(32 CHAR) NOT NULL ,
"CREATETIME" DATE NULL ,
"CREATEUSERID" VARCHAR2(32 CHAR) NULL ,
"UPDATETIME" DATE NULL ,
"UPDATEUSERID" VARCHAR2(32 CHAR) NULL ,
"DEPT_ID" VARCHAR2(40 CHAR) NULL ,
"INFO" VARCHAR2(30 CHAR) NULL 
)
LOGGING
NOCOMPRESS
NOCACHE

;

-- ----------------------------
-- Records of DEPT_EXTEND
-- ----------------------------

-- ----------------------------
-- Table structure for "PLATFORM400"."EXCEPTION_LOG"
-- ----------------------------
DROP TABLE "PLATFORM400"."EXCEPTION_LOG";
CREATE TABLE "PLATFORM400"."EXCEPTION_LOG" (
"ROW_ID" VARCHAR2(40 CHAR) NOT NULL ,
"CREATETIME" DATE NULL ,
"UPDATETIME" DATE NULL ,
"CREATEUSERID" VARCHAR2(32 CHAR) NULL ,
"UPDATEUSERID" VARCHAR2(32 CHAR) NULL ,
"DEPTID" VARCHAR2(50 CHAR) NULL ,
"DELFLAG" NUMBER(10) DEFAULT '0'  NULL ,
"CLASS_NAME" VARCHAR2(200 CHAR) NULL ,
"MOTHOD_NAME" VARCHAR2(100 CHAR) NULL ,
"MSG" CLOB NULL ,
"LOG_LEVEL" VARCHAR2(50 CHAR) NULL 
)
LOGGING
NOCOMPRESS
NOCACHE

;

-- ----------------------------
-- Records of EXCEPTION_LOG
-- ----------------------------

-- ----------------------------
-- Table structure for "PLATFORM400"."FORM_CATEGORY"
-- ----------------------------
DROP TABLE "PLATFORM400"."FORM_CATEGORY";
CREATE TABLE "PLATFORM400"."FORM_CATEGORY" (
"ROW_ID" VARCHAR2(32 CHAR) NOT NULL ,
"CREATETIME" DATE NULL ,
"CREATEUSERID" VARCHAR2(32 CHAR) NULL ,
"UPDATETIME" DATE NULL ,
"UPDATEUSERID" VARCHAR2(32 CHAR) NULL ,
"CATEGORY_NAME" VARCHAR2(20 CHAR) NOT NULL ,
"CATEGORY_NUM" VARCHAR2(20 CHAR) NOT NULL ,
"SORT_SQ" NUMBER(10) NOT NULL 
)
LOGGING
NOCOMPRESS
NOCACHE

;

-- ----------------------------
-- Records of FORM_CATEGORY
-- ----------------------------

-- ----------------------------
-- Table structure for "PLATFORM400"."FORM_INCATEGORY"
-- ----------------------------
DROP TABLE "PLATFORM400"."FORM_INCATEGORY";
CREATE TABLE "PLATFORM400"."FORM_INCATEGORY" (
"ROW_ID" VARCHAR2(32 CHAR) NOT NULL ,
"CREATETIME" DATE NULL ,
"CREATEUSERID" VARCHAR2(32 CHAR) NULL ,
"UPDATETIME" DATE NULL ,
"UPDATEUSERID" VARCHAR2(32 CHAR) NULL ,
"CATEGORYNUM" VARCHAR2(255 CHAR) NULL ,
"TABLEID" VARCHAR2(255 CHAR) NULL 
)
LOGGING
NOCOMPRESS
NOCACHE

;

-- ----------------------------
-- Records of FORM_INCATEGORY
-- ----------------------------

-- ----------------------------
-- Table structure for "PLATFORM400"."FORM_TABLEFIELD"
-- ----------------------------
DROP TABLE "PLATFORM400"."FORM_TABLEFIELD";
CREATE TABLE "PLATFORM400"."FORM_TABLEFIELD" (
"ROW_ID" VARCHAR2(32 CHAR) NOT NULL ,
"CREATETIME" DATE NULL ,
"CREATEUSERID" VARCHAR2(32 CHAR) NULL ,
"UPDATETIME" DATE NULL ,
"UPDATEUSERID" VARCHAR2(32 CHAR) NULL ,
"ALLOWNULL" FLOAT(126) NULL ,
"CONTROLWIDTH" FLOAT(126) NULL ,
"DATASOURCE" VARCHAR2(255 CHAR) NULL ,
"DATASOURCETYPE" VARCHAR2(255 CHAR) NULL ,
"DATASOURCE_CODENAME" VARCHAR2(255 CHAR) NULL ,
"DECIMALLENGTH" FLOAT(126) NULL ,
"DEFAULTVALUE" VARCHAR2(255 CHAR) NULL ,
"DISPINDETAIL" FLOAT(126) NULL ,
"DISPINGRID" FLOAT(126) NULL ,
"FIELDDEFAULTVALUE" VARCHAR2(255 CHAR) NULL ,
"FIELDDISPLAYNAME" VARCHAR2(255 CHAR) NULL ,
"FIELDDISPLAYTYPE" VARCHAR2(255 CHAR) NULL ,
"FIELDINDEX" FLOAT(126) NULL ,
"FIELDLENGTH" FLOAT(126) NULL ,
"FIELDNAME" VARCHAR2(255 CHAR) NULL ,
"FIELDTYPE" VARCHAR2(255 CHAR) NULL ,
"GRIDMULTIROWS" FLOAT(126) NULL ,
"GRIDWIDTH" FLOAT(126) NULL ,
"ISFOREIGNKEY" FLOAT(126) NULL ,
"ISQUERYCONDITION" FLOAT(126) NULL ,
"ISSORTFIELD" FLOAT(126) NULL ,
"MUSTFILL" FLOAT(126) NULL ,
"SORTDIRECTION" VARCHAR2(255 CHAR) NULL ,
"SORTSQ" FLOAT(126) NULL ,
"UNIQUEFIELD" FLOAT(126) NULL ,
"VALIDCHECKFORMULA" VARCHAR2(255 CHAR) NULL ,
"VALUEURL" VARCHAR2(255 CHAR) NULL ,
"TABLEID" VARCHAR2(32 CHAR) NOT NULL ,
"COLUMN_WIDTH" VARCHAR2(30 CHAR) NULL 
)
LOGGING
NOCOMPRESS
NOCACHE

;

-- ----------------------------
-- Records of FORM_TABLEFIELD
-- ----------------------------

-- ----------------------------
-- Table structure for "PLATFORM400"."FORM_TABLEINFO"
-- ----------------------------
DROP TABLE "PLATFORM400"."FORM_TABLEINFO";
CREATE TABLE "PLATFORM400"."FORM_TABLEINFO" (
"ROW_ID" VARCHAR2(32 CHAR) NOT NULL ,
"CREATETIME" DATE NULL ,
"CREATEUSERID" VARCHAR2(32 CHAR) NULL ,
"UPDATETIME" DATE NULL ,
"UPDATEUSERID" VARCHAR2(32 CHAR) NULL ,
"DISPLAYINMENU" FLOAT(126) NULL ,
"FILEPREXNAME" VARCHAR2(255 CHAR) NULL ,
"GENERATEPATH" VARCHAR2(255 CHAR) NULL ,
"PAGETYPE" FLOAT(126) NULL ,
"PHYSICALNAME" VARCHAR2(255 CHAR) NULL ,
"PROJECTNAME" VARCHAR2(255 CHAR) NULL ,
"SORTSQ" FLOAT(126) NULL ,
"SRC_PACKAGE" VARCHAR2(255 CHAR) NULL ,
"TABLENAME" VARCHAR2(255 CHAR) NULL ,
"LABEL_WIDTH" VARCHAR2(5 CHAR) NULL ,
"TABLE_WIDTH" VARCHAR2(5 CHAR) NULL ,
"TEXT_WIDTH" VARCHAR2(5 CHAR) NULL 
)
LOGGING
NOCOMPRESS
NOCACHE

;

-- ----------------------------
-- Records of FORM_TABLEINFO
-- ----------------------------

-- ----------------------------
-- Table structure for "PLATFORM400"."FUNCTION_POINT"
-- ----------------------------
DROP TABLE "PLATFORM400"."FUNCTION_POINT";
CREATE TABLE "PLATFORM400"."FUNCTION_POINT" (
"ROW_ID" VARCHAR2(40 CHAR) NOT NULL ,
"CREATETIME" DATE NULL ,
"UPDATETIME" DATE NULL ,
"CREATEUSERID" VARCHAR2(32 CHAR) NULL ,
"UPDATEUSERID" VARCHAR2(32 CHAR) NULL ,
"DEPTID" VARCHAR2(50 CHAR) NULL ,
"DELFLAG" NUMBER(10) DEFAULT '0'  NULL ,
"FUNC_NAME" VARCHAR2(30 CHAR) NULL ,
"FUNC_PERMISSION" VARCHAR2(100 CHAR) NULL ,
"IS_BANDING_MODULE" VARCHAR2(1 CHAR) NULL ,
"MODULE_ID" VARCHAR2(32 CHAR) NULL 
)
LOGGING
NOCOMPRESS
NOCACHE

;

-- ----------------------------
-- Records of FUNCTION_POINT
-- ----------------------------

-- ----------------------------
-- Table structure for "PLATFORM400"."LEAVE_INFO"
-- ----------------------------
DROP TABLE "PLATFORM400"."LEAVE_INFO";
CREATE TABLE "PLATFORM400"."LEAVE_INFO" (
"ROW_ID" VARCHAR2(32 CHAR) NOT NULL ,
"CREATETIME" DATE NULL ,
"CREATEUSERID" VARCHAR2(32 CHAR) NULL ,
"UPDATETIME" DATE NULL ,
"UPDATEUSERID" VARCHAR2(32 CHAR) NULL ,
"APPLY_TIME" DATE NULL ,
"DELFLAG" NUMBER(10) NULL ,
"DEPTID" VARCHAR2(255 CHAR) NULL ,
"ENDTIME" DATE NULL ,
"HR_BACK_REASON" VARCHAR2(255 CHAR) NULL ,
"IS_DEPTLEADER_PASS" CHAR(1 CHAR) NULL ,
"IS_HR_PASS" CHAR(1 CHAR) NULL ,
"LEADER_BACK_REASON" VARCHAR2(255 CHAR) NULL ,
"LEAVE_TYPE" VARCHAR2(255 CHAR) NULL ,
"PROCESS_INSTANCE_ID" VARCHAR2(255 CHAR) NULL ,
"RE_APPLY" CHAR(1 CHAR) NULL ,
"REASON" VARCHAR2(255 CHAR) NULL ,
"STARTTIME" DATE NULL ,
"USER_ID" VARCHAR2(255 CHAR) NULL 
)
LOGGING
NOCOMPRESS
NOCACHE

;

-- ----------------------------
-- Records of LEAVE_INFO
-- ----------------------------
INSERT INTO "PLATFORM400"."LEAVE_INFO" VALUES ('ff808081429d59f901429e03b1dc001f', TO_DATE('2013-11-28 17:21:51', 'YYYY-MM-DD HH24:MI:SS'), '402880e92db726b5012db729f65f0001', TO_DATE('2013-11-28 17:21:51', 'YYYY-MM-DD HH24:MI:SS'), '402880e92db726b5012db729f65f0001', null, '0', '402880e92db5d2ee012db601b2220004', null, null, null, null, null, null, ' ', null, ' ', null, ' ');

-- ----------------------------
-- Table structure for "PLATFORM400"."LINKED_DEPARTMENT"
-- ----------------------------
DROP TABLE "PLATFORM400"."LINKED_DEPARTMENT";
CREATE TABLE "PLATFORM400"."LINKED_DEPARTMENT" (
"ROW_ID" VARCHAR2(32 CHAR) NOT NULL ,
"CREATETIME" DATE NULL ,
"CREATEUSERID" VARCHAR2(32 CHAR) NULL ,
"UPDATETIME" DATE NULL ,
"UPDATEUSERID" VARCHAR2(32 CHAR) NULL ,
"MAIN_DEPT_ID" VARCHAR2(32 CHAR) NULL ,
"SUB_DEPT_ID" VARCHAR2(32 CHAR) NULL 
)
LOGGING
NOCOMPRESS
NOCACHE

;

-- ----------------------------
-- Records of LINKED_DEPARTMENT
-- ----------------------------

-- ----------------------------
-- Table structure for "PLATFORM400"."LOGIN_IMAGE"
-- ----------------------------
DROP TABLE "PLATFORM400"."LOGIN_IMAGE";
CREATE TABLE "PLATFORM400"."LOGIN_IMAGE" (
"ROW_ID" VARCHAR2(32 CHAR) NOT NULL ,
"CREATETIME" DATE NULL ,
"CREATEUSERID" VARCHAR2(32 CHAR) NULL ,
"UPDATETIME" DATE NULL ,
"UPDATEUSERID" VARCHAR2(32 CHAR) NULL ,
"DELFLAG" NUMBER(10) NULL ,
"DEPTID" VARCHAR2(255 CHAR) NULL ,
"IMAGE_NAME" VARCHAR2(255 CHAR) NULL ,
"IMAGE_URL" VARCHAR2(255 CHAR) NULL ,
"IS_USING" NUMBER(24) NULL 
)
LOGGING
NOCOMPRESS
NOCACHE

;

-- ----------------------------
-- Records of LOGIN_IMAGE
-- ----------------------------

-- ----------------------------
-- Table structure for "PLATFORM400"."LOGON_LOG"
-- ----------------------------
DROP TABLE "PLATFORM400"."LOGON_LOG";
CREATE TABLE "PLATFORM400"."LOGON_LOG" (
"ROW_ID" VARCHAR2(32 CHAR) NOT NULL ,
"CREATETIME" DATE NULL ,
"CREATEUSERID" VARCHAR2(32 CHAR) NULL ,
"UPDATETIME" DATE NULL ,
"UPDATEUSERID" VARCHAR2(32 CHAR) NULL ,
"FROM_IP" VARCHAR2(30 CHAR) NULL ,
"LOGIN_TYPE" VARCHAR2(20 CHAR) NULL ,
"VISITED_DATE" DATE NULL ,
"USER_ID" VARCHAR2(32 CHAR) NULL ,
"USERAGENT" VARCHAR2(255 CHAR) NULL ,
"BROWSER" VARCHAR2(50 CHAR) NULL ,
"OS" VARCHAR2(50 CHAR) NULL 
)
LOGGING
NOCOMPRESS
NOCACHE

;

-- ----------------------------
-- Records of LOGON_LOG
-- ----------------------------
INSERT INTO "PLATFORM400"."LOGON_LOG" VALUES ('8a81805c438af2b501438af384b80000', TO_DATE('2014-01-13 17:34:11', 'YYYY-MM-DD HH24:MI:SS'), '402880e92db726b5012db729f65f0001', null, null, '127.0.0.1', '电脑', TO_DATE('2014-01-13 17:34:11', 'YYYY-MM-DD HH24:MI:SS'), '402880e92db726b5012db729f65f0001', 'Mozilla/5.0 (Windows NT 5.1) AppleWebKit/535.12 (KHTML, like Gecko) Maxthon/3.0 Chrome/18.0.966.0 Safari/535.12', 'Chrome', 'Windows');
INSERT INTO "PLATFORM400"."LOGON_LOG" VALUES ('8a81805c439380dc01439381aee90000', TO_DATE('2014-01-15 09:26:26', 'YYYY-MM-DD HH24:MI:SS'), '402880e92db726b5012db729f65f0001', null, null, '127.0.0.1', '电脑', TO_DATE('2014-01-15 09:26:26', 'YYYY-MM-DD HH24:MI:SS'), '402880e92db726b5012db729f65f0001', 'Mozilla/5.0 (Windows NT 5.1) AppleWebKit/535.12 (KHTML, like Gecko) Maxthon/3.0 Chrome/18.0.966.0 Safari/535.12', 'Chrome', 'Windows');

-- ----------------------------
-- Table structure for "PLATFORM400"."MODULE"
-- ----------------------------
DROP TABLE "PLATFORM400"."MODULE";
CREATE TABLE "PLATFORM400"."MODULE" (
"ROW_ID" VARCHAR2(32 CHAR) NOT NULL ,
"CREATETIME" DATE NULL ,
"CREATEUSERID" VARCHAR2(32 CHAR) NULL ,
"UPDATETIME" DATE NULL ,
"UPDATEUSERID" VARCHAR2(32 CHAR) NULL ,
"HAS_CHILD" FLOAT(126) NULL ,
"IS_PUBLIC" FLOAT(126) NULL ,
"IS_VISIBLE" FLOAT(126) NOT NULL ,
"MODULE_ADDR" VARCHAR2(500 CHAR) NULL ,
"MODULE_CODE" VARCHAR2(100 CHAR) NOT NULL ,
"MODULE_NAME" VARCHAR2(30 CHAR) NOT NULL ,
"OTHER_PROPERTY" VARCHAR2(100 CHAR) NULL ,
"SORT_SQ" FLOAT(126) NULL ,
"TARGET" VARCHAR2(30 CHAR) NULL ,
"PARENT_MODULE_ID" VARCHAR2(32 CHAR) NULL ,
"BIG_ICON_ADDR" VARCHAR2(100 CHAR) NULL ,
"IS_AUTO_EXPAND" NUMBER(10) NULL ,
"MODULE_FULL_NAME" VARCHAR2(100 CHAR) NULL ,
"SMALL_ICON_ADDR" VARCHAR2(100 CHAR) NULL 
)
LOGGING
NOCOMPRESS
NOCACHE

;

-- ----------------------------
-- Records of MODULE
-- ----------------------------
INSERT INTO "PLATFORM400"."MODULE" VALUES ('0464f18f318d3dbb01318d41ef240004', null, '402880e92ebc31be012ebc3d94960003', TO_DATE('2013-11-15 09:19:32', 'YYYY-MM-DD HH24:MI:SS'), '402880e92db726b5012db729f65f0001', '0', '0', '1', 'jsp/version/versionList.action', 'M0109', '客户端版本管理', ' ', '3', '框架', '402880e92ebc40c5012ebc430db50002', null, null, null, null);
INSERT INTO "PLATFORM400"."MODULE" VALUES ('402809812ec18be5012ec1a35b700002', null, '402880e92ebc31be012ebc3d94960003', TO_DATE('2014-01-15 09:26:55', 'YYYY-MM-DD HH24:MI:SS'), '402880e92db726b5012db729f65f0001', '5', '0', '1', 'jsp/information/contentInformationsList.action', 'M06', '信息管理', null, '1', '框架', null, null, null, null, null);
INSERT INTO "PLATFORM400"."MODULE" VALUES ('402880e92ebc40c5012ebc430db50002', null, '402880e92ebc31be012ebc3d94960003', TO_DATE('2014-01-15 09:26:59', 'YYYY-MM-DD HH24:MI:SS'), '402880e92db726b5012db729f65f0001', '8', '0', '1', null, 'M01', '系统管理', null, '2', '框架', null, null, null, null, null);
INSERT INTO "PLATFORM400"."MODULE" VALUES ('402880e92ebc40c5012ebc43c0aa0004', null, '402880e92ebc31be012ebc3d94960003', TO_DATE('2013-11-15 09:19:38', 'YYYY-MM-DD HH24:MI:SS'), '402880e92db726b5012db729f65f0001', '3', '0', '1', ' ', 'M0101', '系统日志', ' ', '2', '框架', '402880e92ebc40c5012ebc430db50002', null, null, null, null);
INSERT INTO "PLATFORM400"."MODULE" VALUES ('402880e92ebc40c5012ebc445fc80005', null, '402880e92ebc31be012ebc3d94960003', TO_DATE('2013-11-15 09:17:20', 'YYYY-MM-DD HH24:MI:SS'), '402880e92db726b5012db729f65f0001', '0', '0', '1', 'jsp/admin/user/list.action', 'M010214', '用户管理', ' ', '3', '框架', '402880e92ebc40c5012ebc4894ee0012', null, null, null, null);
INSERT INTO "PLATFORM400"."MODULE" VALUES ('402880e92ebc40c5012ebc4522da0009', null, '402880e92ebc31be012ebc3d94960003', TO_DATE('2013-11-15 09:20:47', 'YYYY-MM-DD HH24:MI:SS'), '402880e92db726b5012db729f65f0001', '0', '0', '1', 'jsp/admin/dept/list.action', 'M010213', '部门管理', ' ', '2', '框架', '402880e92ebc40c5012ebc4894ee0012', null, null, null, null);
INSERT INTO "PLATFORM400"."MODULE" VALUES ('402880e92ebc40c5012ebc46bfe0000c', null, '402880e92ebc31be012ebc3d94960003', TO_DATE('2013-11-15 09:20:34', 'YYYY-MM-DD HH24:MI:SS'), '402880e92db726b5012db729f65f0001', '0', '0', '1', 'jsp/admin/log/listOpLog.action?moduleCode=M010103', 'M010103', '用户访问日志', ' ', '6', '框架', '402880e92ebc40c5012ebc43c0aa0004', null, null, null, null);
INSERT INTO "PLATFORM400"."MODULE" VALUES ('402880e92ebc40c5012ebc473ee4000e', null, '402880e92ebc31be012ebc3d94960003', TO_DATE('2013-11-15 09:20:29', 'YYYY-MM-DD HH24:MI:SS'), '402880e92db726b5012db729f65f0001', '0', '0', '1', 'jsp/admin/log/listLogonLog.action?module.moduleCode=M010104', 'M010104', '用户登录日志', ' ', '5', '框架', '402880e92ebc40c5012ebc43c0aa0004', null, null, null, null);
INSERT INTO "PLATFORM400"."MODULE" VALUES ('402880e92ebc40c5012ebc4894ee0012', null, '402880e92ebc31be012ebc3d94960003', TO_DATE('2013-11-15 09:22:38', 'YYYY-MM-DD HH24:MI:SS'), '402880e92db726b5012db729f65f0001', '9', '0', '1', ' ', 'M0102', '权限管理', ' ', '1', '框架', '402880e92ebc40c5012ebc430db50002', null, null, null, null);
INSERT INTO "PLATFORM400"."MODULE" VALUES ('402880e92ebc40c5012ebc4967de0013', null, '402880e92ebc31be012ebc3d94960003', TO_DATE('2013-11-15 09:20:55', 'YYYY-MM-DD HH24:MI:SS'), '402880e92db726b5012db729f65f0001', '0', '0', '1', 'jsp/admin/code/initListCode.action', 'M010201', '一维代码管理', ' ', '4', '框架', '402880e92ebc40c5012ebc4894ee0012', null, null, null, null);
INSERT INTO "PLATFORM400"."MODULE" VALUES ('402880e92ebc40c5012ebc4a0c6b0015', null, '402880e92ebc31be012ebc3d94960003', TO_DATE('2013-11-15 09:22:38', 'YYYY-MM-DD HH24:MI:SS'), '402880e92db726b5012db729f65f0001', '0', '0', '1', 'jsp/admin/role/list.action?userRole.roleType=ALL', 'M010202', '角色管理', ' ', '5', '框架', '402880e92ebc40c5012ebc4894ee0012', null, null, null, null);
INSERT INTO "PLATFORM400"."MODULE" VALUES ('402880e92ebc40c5012ebc4b29f10019', null, '402880e92ebc31be012ebc3d94960003', TO_DATE('2013-11-15 09:16:02', 'YYYY-MM-DD HH24:MI:SS'), '402880e92db726b5012db729f65f0001', '0', '0', '1', 'jsp/admin/module/list.action', 'M010203', '模块管理', ' ', '1', '框架', '402880e92ebc40c5012ebc4894ee0012', null, null, null, null);
INSERT INTO "PLATFORM400"."MODULE" VALUES ('402880e92ebc40c5012ebc4dc201001d', null, '402880e92ebc31be012ebc3d94960003', TO_DATE('2013-11-15 09:19:43', 'YYYY-MM-DD HH24:MI:SS'), '402880e92db726b5012db729f65f0001', '0', '0', '1', 'jsp/admin/form/formTableInitList.action', 'M0108', '表单管理', ' ', '4', '框架', '402880e92ebc40c5012ebc430db50002', null, null, null, null);
INSERT INTO "PLATFORM400"."MODULE" VALUES ('402880e92ebc40c5012ebc6317eb003f', null, '402880e92ebc31be012ebc3d94960003', TO_DATE('2014-01-15 09:27:04', 'YYYY-MM-DD HH24:MI:SS'), '402880e92db726b5012db729f65f0001', '3', '0', '1', null, 'M02', '个人设置', null, '3', '框架', null, null, null, null, null);
INSERT INTO "PLATFORM400"."MODULE" VALUES ('402880e92ebc40c5012ebc64aad00040', null, '402880e92ebc31be012ebc3d94960003', TO_DATE('2013-06-05 16:25:41', 'YYYY-MM-DD HH24:MI:SS'), '402880e92db726b5012db729f65f0001', '0', '1', '1', 'personal/modSelfInfo.jsp', 'M0204', '修改个人信息', ' ', '1', '框架', '402880e92ebc40c5012ebc6317eb003f', null, null, null, null);
INSERT INTO "PLATFORM400"."MODULE" VALUES ('402880e92ebc40c5012ebc680f570042', null, '402880e92ebc31be012ebc3d94960003', TO_DATE('2013-06-05 16:25:45', 'YYYY-MM-DD HH24:MI:SS'), '402880e92db726b5012db729f65f0001', '0', '1', '1', 'jsp/personal/listQuicklyStart.action', 'M0203', '快捷菜单', ' ', '2', '框架', '402880e92ebc40c5012ebc6317eb003f', null, null, null, null);
INSERT INTO "PLATFORM400"."MODULE" VALUES ('40288b813c5cd3a6013c5cd7ed810003', TO_DATE('2013-01-21 19:22:00', 'YYYY-MM-DD HH24:MI:SS'), '402880e92db726b5012db729f65f0001', TO_DATE('2013-11-15 09:17:34', 'YYYY-MM-DD HH24:MI:SS'), '402880e92db726b5012db729f65f0001', '0', '0', '1', 'jsp/admin/behavior/userBehaviorList.action', 'M010108', '用户行为设置', ' ', '1', '框架', '402880e92ebc40c5012ebc43c0aa0004', null, null, null, null);
INSERT INTO "PLATFORM400"."MODULE" VALUES ('40288b813c5cd3a6013c5cd986060005', TO_DATE('2013-01-21 19:23:45', 'YYYY-MM-DD HH24:MI:SS'), '402880e92db726b5012db729f65f0001', TO_DATE('2013-11-15 09:20:07', 'YYYY-MM-DD HH24:MI:SS'), '402880e92db726b5012db729f65f0001', '0', '0', '1', 'jsp/admin/behavior/userBehaviorIndex.action', 'M010107', '用户行为日志', ' ', '2', '框架', '402880e92ebc40c5012ebc43c0aa0004', null, null, null, null);
INSERT INTO "PLATFORM400"."MODULE" VALUES ('4028a38142594fb9014259597fb50002', TO_DATE('2013-11-15 09:21:46', 'YYYY-MM-DD HH24:MI:SS'), '402880e92db726b5012db729f65f0001', TO_DATE('2013-11-15 09:21:46', 'YYYY-MM-DD HH24:MI:SS'), '402880e92db726b5012db729f65f0001', '0', '1', '1', 'personal/changePassword.jsp', 'M0110', '修改密码', ' ', '3', '框架', null, null, null, null, null);
INSERT INTO "PLATFORM400"."MODULE" VALUES ('8a8180553c47ac56013c47ade0850003', TO_DATE('2013-01-17 16:44:03', 'YYYY-MM-DD HH24:MI:SS'), '402880e92db726b5012db729f65f0001', TO_DATE('2013-11-15 09:20:23', 'YYYY-MM-DD HH24:MI:SS'), '402880e92db726b5012db729f65f0001', '0', '0', '1', 'jsp/admin/log/exceptionLogList.action', 'M010105', '异常日志', ' ', '4', '框架', '402880e92ebc40c5012ebc43c0aa0004', null, null, null, null);
INSERT INTO "PLATFORM400"."MODULE" VALUES ('8a8180553c4c4e95013c4c4fef290083', TO_DATE('2013-01-18 14:19:32', 'YYYY-MM-DD HH24:MI:SS'), '402880e92db726b5012db729f65f0001', TO_DATE('2013-11-15 09:20:17', 'YYYY-MM-DD HH24:MI:SS'), '402880e92db726b5012db729f65f0001', '0', '0', '1', 'jsp/admin/log/dataLogList.action', 'M010106', '数据操作日志', ' ', '3', '框架', '402880e92ebc40c5012ebc43c0aa0004', null, null, null, null);
INSERT INTO "PLATFORM400"."MODULE" VALUES ('8a8180553f1dd07d013f1dd2c2290024', TO_DATE('2013-06-07 16:48:38', 'YYYY-MM-DD HH24:MI:SS'), '402880e92db726b5012db729f65f0001', TO_DATE('2013-11-15 09:22:38', 'YYYY-MM-DD HH24:MI:SS'), '402880e92db726b5012db729f65f0001', '0', '0', '1', 'jsp/admin/permission/functionPointList.action', 'M010215', '功能点权限', ' ', '6', '框架', '402880e92ebc40c5012ebc4894ee0012', null, null, null, null);
INSERT INTO "PLATFORM400"."MODULE" VALUES ('8a818517400f896b01400f8c04240003', TO_DATE('2013-07-24 15:19:29', 'YYYY-MM-DD HH24:MI:SS'), '402880e92db726b5012db729f65f0001', TO_DATE('2013-11-22 16:47:43', 'YYYY-MM-DD HH24:MI:SS'), '402880e92db726b5012db729f65f0001', '2', '0', '0', ' ', 'M05', '工作流管理', null, '3', '框架', null, null, null, null, null);
INSERT INTO "PLATFORM400"."MODULE" VALUES ('ff808081427da10b01427dd0c4850006', TO_DATE('2013-11-22 11:18:23', 'YYYY-MM-DD HH24:MI:SS'), '402880e92db726b5012db729f65f0001', TO_DATE('2013-11-22 16:45:10', 'YYYY-MM-DD HH24:MI:SS'), '402880e92db726b5012db729f65f0001', '0', '0', '1', 'jsp/loginImage/loginImageList.action', 'M0112', '登录页设置', null, '5', '框架', '402880e92ebc40c5012ebc430db50002', null, null, null, null);
INSERT INTO "PLATFORM400"."MODULE" VALUES ('ff808081427da10b01427efd88b00011', TO_DATE('2013-11-22 16:46:54', 'YYYY-MM-DD HH24:MI:SS'), '402880e92db726b5012db729f65f0001', TO_DATE('2013-11-22 16:46:54', 'YYYY-MM-DD HH24:MI:SS'), '402880e92db726b5012db729f65f0001', '0', '0', '0', 'activiti/initProcessDefList.action', 'M0501', '流程部署', null, null, '框架', '8a818517400f896b01400f8c04240003', null, null, null, null);
INSERT INTO "PLATFORM400"."MODULE" VALUES ('ff808081427da10b01427efe4b5d0012', TO_DATE('2013-11-22 16:47:43', 'YYYY-MM-DD HH24:MI:SS'), '402880e92db726b5012db729f65f0001', TO_DATE('2013-11-22 16:47:43', 'YYYY-MM-DD HH24:MI:SS'), '402880e92db726b5012db729f65f0001', '0', '0', '0', 'activiti/initModelList.action', 'M0502', '模型管理', null, null, '框架', '8a818517400f896b01400f8c04240003', null, null, null, null);
INSERT INTO "PLATFORM400"."MODULE" VALUES ('ff808081427da10b01427effd50e0013', TO_DATE('2013-11-22 16:49:24', 'YYYY-MM-DD HH24:MI:SS'), '402880e92db726b5012db729f65f0001', TO_DATE('2013-11-22 16:55:51', 'YYYY-MM-DD HH24:MI:SS'), '402880e92db726b5012db729f65f0001', '4', '0', '0', ' ', 'M07', '工作流示例', null, '4', '框架', null, null, null, null, null);
INSERT INTO "PLATFORM400"."MODULE" VALUES ('ff808081427da10b01427f010a730014', TO_DATE('2013-11-22 16:50:43', 'YYYY-MM-DD HH24:MI:SS'), '402880e92db726b5012db729f65f0001', TO_DATE('2013-11-22 16:50:43', 'YYYY-MM-DD HH24:MI:SS'), '402880e92db726b5012db729f65f0001', '0', '0', '0', 'activiti/initToClaimTaskList.action', 'M0701', '待签收任务', null, '1', '框架', 'ff808081427da10b01427effd50e0013', null, null, null, null);
INSERT INTO "PLATFORM400"."MODULE" VALUES ('ff808081427da10b01427f01808a0015', TO_DATE('2013-11-22 16:51:14', 'YYYY-MM-DD HH24:MI:SS'), '402880e92db726b5012db729f65f0001', TO_DATE('2013-11-22 16:51:14', 'YYYY-MM-DD HH24:MI:SS'), '402880e92db726b5012db729f65f0001', '0', '0', '0', 'activiti/initTodoTaskListFormKey.action', 'M0702', '待办任务', null, '2', '框架', 'ff808081427da10b01427effd50e0013', null, null, null, null);
INSERT INTO "PLATFORM400"."MODULE" VALUES ('ff808081427da10b01427f01d18a0016', TO_DATE('2013-11-22 16:51:34', 'YYYY-MM-DD HH24:MI:SS'), '402880e92db726b5012db729f65f0001', TO_DATE('2013-11-22 16:55:41', 'YYYY-MM-DD HH24:MI:SS'), '402880e92db726b5012db729f65f0001', '0', '0', '0', 'activiti/initClaimedTaskList.action', 'M0705', '在办任务', null, '3', '框架', 'ff808081427da10b01427effd50e0013', null, null, null, null);
INSERT INTO "PLATFORM400"."MODULE" VALUES ('ff808081427da10b01427f022bde0017', TO_DATE('2013-11-22 16:51:58', 'YYYY-MM-DD HH24:MI:SS'), '402880e92db726b5012db729f65f0001', TO_DATE('2013-11-22 16:56:42', 'YYYY-MM-DD HH24:MI:SS'), '402880e92db726b5012db729f65f0001', '1', '0', '0', ' ', 'M0706', '请假流程', null, '4', '框架', 'ff808081427da10b01427effd50e0013', null, null, null, null);
INSERT INTO "PLATFORM400"."MODULE" VALUES ('ff808081427da10b01427f06824d0019', TO_DATE('2013-11-22 16:56:42', 'YYYY-MM-DD HH24:MI:SS'), '402880e92db726b5012db729f65f0001', TO_DATE('2013-11-22 16:56:42', 'YYYY-MM-DD HH24:MI:SS'), '402880e92db726b5012db729f65f0001', '0', '0', '0', 'jsp/leave/leaveInfoList.action', 'M070601', '请假单列表', null, '1', '框架', 'ff808081427da10b01427f022bde0017', null, null, null, null);
INSERT INTO "PLATFORM400"."MODULE" VALUES ('ff808081427da10b01427f06e7e7001a', TO_DATE('2013-11-22 16:57:08', 'YYYY-MM-DD HH24:MI:SS'), '402880e92db726b5012db729f65f0001', TO_DATE('2013-11-22 16:57:08', 'YYYY-MM-DD HH24:MI:SS'), '402880e92db726b5012db729f65f0001', '0', '0', '0', 'jsp/leave/initApply.action', 'M070602', '请假申请', null, '2', '框架', null, null, null, null, null);
INSERT INTO "PLATFORM400"."MODULE" VALUES ('ff808081427da10b01427f07362d001b', TO_DATE('2013-11-22 16:57:28', 'YYYY-MM-DD HH24:MI:SS'), '402880e92db726b5012db729f65f0001', TO_DATE('2013-11-22 16:57:28', 'YYYY-MM-DD HH24:MI:SS'), '402880e92db726b5012db729f65f0001', '0', '0', '0', 'jsp/leave/initTodoTaskList.action', 'M070603', '请假待办', null, '3', '框架', null, null, null, null, null);

-- ----------------------------
-- Table structure for "PLATFORM400"."MODULE_RIGHT"
-- ----------------------------
DROP TABLE "PLATFORM400"."MODULE_RIGHT";
CREATE TABLE "PLATFORM400"."MODULE_RIGHT" (
"ROW_ID" VARCHAR2(32 CHAR) NOT NULL ,
"CREATETIME" DATE NULL ,
"CREATEUSERID" VARCHAR2(32 CHAR) NULL ,
"UPDATETIME" DATE NULL ,
"UPDATEUSERID" VARCHAR2(32 CHAR) NULL ,
"MODULE_ID" VARCHAR2(32 CHAR) NULL ,
"ROLE_ID" VARCHAR2(32 CHAR) NULL 
)
LOGGING
NOCOMPRESS
NOCACHE

;

-- ----------------------------
-- Records of MODULE_RIGHT
-- ----------------------------

-- ----------------------------
-- Table structure for "PLATFORM400"."ONLINE_USER"
-- ----------------------------
DROP TABLE "PLATFORM400"."ONLINE_USER";
CREATE TABLE "PLATFORM400"."ONLINE_USER" (
"ROW_ID" VARCHAR2(32 CHAR) NOT NULL ,
"CREATETIME" DATE NULL ,
"CREATEUSERID" VARCHAR2(32 CHAR) NULL ,
"UPDATETIME" DATE NULL ,
"UPDATEUSERID" VARCHAR2(32 CHAR) NULL ,
"LOGIN_TIME" DATE NULL ,
"LOGIN_TYPE" VARCHAR2(40 CHAR) NULL ,
"USER_ID" VARCHAR2(40 CHAR) NULL ,
"SESSION_ID" VARCHAR2(255 CHAR) NULL 
)
LOGGING
NOCOMPRESS
NOCACHE

;

-- ----------------------------
-- Records of ONLINE_USER
-- ----------------------------

-- ----------------------------
-- Table structure for "PLATFORM400"."OPERATION_LOG"
-- ----------------------------
DROP TABLE "PLATFORM400"."OPERATION_LOG";
CREATE TABLE "PLATFORM400"."OPERATION_LOG" (
"ROW_ID" VARCHAR2(32 CHAR) NOT NULL ,
"CREATETIME" DATE NULL ,
"CREATEUSERID" VARCHAR2(32 CHAR) NULL ,
"UPDATETIME" DATE NULL ,
"UPDATEUSERID" VARCHAR2(32 CHAR) NULL ,
"FROM_IP" VARCHAR2(30 CHAR) NULL ,
"URL" VARCHAR2(200 CHAR) NULL ,
"VISITED_DATE" DATE NULL ,
"MODULE_ID" VARCHAR2(32 CHAR) NULL ,
"USER_ID" VARCHAR2(32 CHAR) NULL 
)
LOGGING
NOCOMPRESS
NOCACHE

;

-- ----------------------------
-- Records of OPERATION_LOG
-- ----------------------------

-- ----------------------------
-- Table structure for "PLATFORM400"."PERMISSION"
-- ----------------------------
DROP TABLE "PLATFORM400"."PERMISSION";
CREATE TABLE "PLATFORM400"."PERMISSION" (
"ROW_ID" VARCHAR2(32 CHAR) NOT NULL ,
"CREATETIME" DATE NULL ,
"CREATEUSERID" VARCHAR2(32 CHAR) NULL ,
"UPDATETIME" DATE NULL ,
"UPDATEUSERID" VARCHAR2(32 CHAR) NULL ,
"PERMISSION_EXPRESSION" VARCHAR2(200 CHAR) NOT NULL ,
"ROLE_ID" VARCHAR2(40 CHAR) NULL ,
"USER_ID" VARCHAR2(40 CHAR) NULL ,
"PERMISSION_TYPE" NUMBER(10) NULL 
)
LOGGING
NOCOMPRESS
NOCACHE

;

-- ----------------------------
-- Records of PERMISSION
-- ----------------------------

-- ----------------------------
-- Table structure for "PLATFORM400"."PORTAL"
-- ----------------------------
DROP TABLE "PLATFORM400"."PORTAL";
CREATE TABLE "PLATFORM400"."PORTAL" (
"ROW_ID" VARCHAR2(32 CHAR) NOT NULL ,
"CREATETIME" DATE NULL ,
"CREATEUSERID" VARCHAR2(32 CHAR) NULL ,
"UPDATETIME" DATE NULL ,
"UPDATEUSERID" VARCHAR2(32 CHAR) NULL ,
"IS_PUBLIC" NUMBER(10) NULL ,
"TITLE" VARCHAR2(50 CHAR) NULL ,
"URL" VARCHAR2(2000 CHAR) NULL 
)
LOGGING
NOCOMPRESS
NOCACHE

;

-- ----------------------------
-- Records of PORTAL
-- ----------------------------

-- ----------------------------
-- Table structure for "PLATFORM400"."PORTAL_PERSONAL"
-- ----------------------------
DROP TABLE "PLATFORM400"."PORTAL_PERSONAL";
CREATE TABLE "PLATFORM400"."PORTAL_PERSONAL" (
"ROW_ID" VARCHAR2(32 CHAR) NOT NULL ,
"CREATETIME" DATE NULL ,
"CREATEUSERID" VARCHAR2(32 CHAR) NULL ,
"UPDATETIME" DATE NULL ,
"UPDATEUSERID" VARCHAR2(32 CHAR) NULL ,
"LEFT_PORTAL" VARCHAR2(500 CHAR) NULL ,
"RIGHT_PORTAL" VARCHAR2(50 CHAR) NULL ,
"USERCODE" VARCHAR2(50 CHAR) NULL 
)
LOGGING
NOCOMPRESS
NOCACHE

;

-- ----------------------------
-- Records of PORTAL_PERSONAL
-- ----------------------------

-- ----------------------------
-- Table structure for "PLATFORM400"."PORTAL_RIGHT"
-- ----------------------------
DROP TABLE "PLATFORM400"."PORTAL_RIGHT";
CREATE TABLE "PLATFORM400"."PORTAL_RIGHT" (
"ROW_ID" VARCHAR2(32 CHAR) NOT NULL ,
"CREATETIME" DATE NULL ,
"CREATEUSERID" VARCHAR2(32 CHAR) NULL ,
"UPDATETIME" DATE NULL ,
"UPDATEUSERID" VARCHAR2(32 CHAR) NULL ,
"PORTAL_ID" VARCHAR2(32 CHAR) NULL ,
"ROLE_ID" VARCHAR2(32 CHAR) NULL 
)
LOGGING
NOCOMPRESS
NOCACHE

;

-- ----------------------------
-- Records of PORTAL_RIGHT
-- ----------------------------

-- ----------------------------
-- Table structure for "PLATFORM400"."QUICKLY_START"
-- ----------------------------
DROP TABLE "PLATFORM400"."QUICKLY_START";
CREATE TABLE "PLATFORM400"."QUICKLY_START" (
"ROW_ID" VARCHAR2(32 CHAR) NOT NULL ,
"CREATETIME" DATE NULL ,
"CREATEUSERID" VARCHAR2(32 CHAR) NULL ,
"UPDATETIME" DATE NULL ,
"UPDATEUSERID" VARCHAR2(32 CHAR) NULL ,
"SORT_SQ" FLOAT(126) NULL ,
"MODULE_ID" VARCHAR2(32 CHAR) NULL ,
"USER_ID" VARCHAR2(32 CHAR) NULL 
)
LOGGING
NOCOMPRESS
NOCACHE

;

-- ----------------------------
-- Records of QUICKLY_START
-- ----------------------------

-- ----------------------------
-- Table structure for "PLATFORM400"."REPORT"
-- ----------------------------
DROP TABLE "PLATFORM400"."REPORT";
CREATE TABLE "PLATFORM400"."REPORT" (
"ROW_ID" VARCHAR2(32 CHAR) NOT NULL ,
"CREATETIME" DATE NULL ,
"CREATEUSERID" VARCHAR2(32 CHAR) NULL ,
"UPDATETIME" DATE NULL ,
"UPDATEUSERID" VARCHAR2(32 CHAR) NULL ,
"DELFLAG" NUMBER(10) NOT NULL ,
"DEPLOYFILENAME" VARCHAR2(32 CHAR) NOT NULL ,
"DEPLOYER" VARCHAR2(32 CHAR) NULL ,
"DEPTID" VARCHAR2(255 CHAR) NULL ,
"LATESTVERSION" NUMBER(10) NULL ,
"REPORTNAME" VARCHAR2(32 CHAR) NOT NULL ,
"SQLSCRIPT" VARCHAR2(1024 CHAR) NULL ,
"URL" VARCHAR2(128 CHAR) NOT NULL 
)
LOGGING
NOCOMPRESS
NOCACHE

;

-- ----------------------------
-- Records of REPORT
-- ----------------------------

-- ----------------------------
-- Table structure for "PLATFORM400"."REPORT_ATTACHMENT"
-- ----------------------------
DROP TABLE "PLATFORM400"."REPORT_ATTACHMENT";
CREATE TABLE "PLATFORM400"."REPORT_ATTACHMENT" (
"ROW_ID" VARCHAR2(32 CHAR) NOT NULL ,
"CREATETIME" DATE NULL ,
"CREATEUSERID" VARCHAR2(32 CHAR) NULL ,
"UPDATETIME" DATE NULL ,
"UPDATEUSERID" VARCHAR2(32 CHAR) NULL ,
"FILENAME" VARCHAR2(32 CHAR) NOT NULL ,
"REPORTID" VARCHAR2(32 CHAR) NOT NULL ,
"REPORTNAME" VARCHAR2(32 CHAR) NOT NULL ,
"UPLOADFILEPATH" VARCHAR2(128 CHAR) NOT NULL ,
"VERSION" NUMBER(10) NULL 
)
LOGGING
NOCOMPRESS
NOCACHE

;

-- ----------------------------
-- Records of REPORT_ATTACHMENT
-- ----------------------------

-- ----------------------------
-- Table structure for "PLATFORM400"."USER_BEHAVIOR"
-- ----------------------------
DROP TABLE "PLATFORM400"."USER_BEHAVIOR";
CREATE TABLE "PLATFORM400"."USER_BEHAVIOR" (
"ROW_ID" VARCHAR2(32 CHAR) NOT NULL ,
"CREATETIME" DATE NULL ,
"CREATEUSERID" VARCHAR2(32 CHAR) NULL ,
"UPDATETIME" DATE NULL ,
"UPDATEUSERID" VARCHAR2(32 CHAR) NULL ,
"BEHAVIOR_NAME" VARCHAR2(255 CHAR) NULL ,
"BEHAVIOR_SERVICE" VARCHAR2(255 CHAR) NULL ,
"BEHAVIOR_TYPE" VARCHAR2(255 CHAR) NULL ,
"BEHAVIOR_URL" VARCHAR2(255 CHAR) NULL ,
"DEFAULT_LOG" VARCHAR2(255 CHAR) NULL ,
"DELFLAG" NUMBER(10) NULL ,
"DEPTID" VARCHAR2(255 CHAR) NULL ,
"IS_CONTINUE" VARCHAR2(255 CHAR) NULL 
)
LOGGING
NOCOMPRESS
NOCACHE

;

-- ----------------------------
-- Records of USER_BEHAVIOR
-- ----------------------------

-- ----------------------------
-- Table structure for "PLATFORM400"."USER_BEHAVIOR_LOG"
-- ----------------------------
DROP TABLE "PLATFORM400"."USER_BEHAVIOR_LOG";
CREATE TABLE "PLATFORM400"."USER_BEHAVIOR_LOG" (
"ROW_ID" VARCHAR2(32 CHAR) NOT NULL ,
"CREATETIME" DATE NULL ,
"CREATEUSERID" VARCHAR2(32 CHAR) NULL ,
"UPDATETIME" DATE NULL ,
"UPDATEUSERID" VARCHAR2(32 CHAR) NULL ,
"DELFLAG" NUMBER(10) NULL ,
"DEPTID" VARCHAR2(255 CHAR) NULL ,
"LOG_CONTENT" VARCHAR2(255 CHAR) NULL ,
"LOGGED_DATE" DATE NULL ,
"REMOTE_IP" VARCHAR2(50 CHAR) NULL ,
"BEHAVIOR_ID" VARCHAR2(32 CHAR) NULL 
)
LOGGING
NOCOMPRESS
NOCACHE

;

-- ----------------------------
-- Records of USER_BEHAVIOR_LOG
-- ----------------------------

-- ----------------------------
-- Table structure for "PLATFORM400"."USER_EXTEND"
-- ----------------------------
DROP TABLE "PLATFORM400"."USER_EXTEND";
CREATE TABLE "PLATFORM400"."USER_EXTEND" (
"ROW_ID" VARCHAR2(32 CHAR) NOT NULL ,
"CREATETIME" DATE NULL ,
"CREATEUSERID" VARCHAR2(32 CHAR) NULL ,
"UPDATETIME" DATE NULL ,
"UPDATEUSERID" VARCHAR2(32 CHAR) NULL ,
"INFO" VARCHAR2(200 CHAR) NULL ,
"USER_ID" VARCHAR2(40 CHAR) NULL 
)
LOGGING
NOCOMPRESS
NOCACHE

;

-- ----------------------------
-- Records of USER_EXTEND
-- ----------------------------

-- ----------------------------
-- Table structure for "PLATFORM400"."USER_LINKED_DEPT"
-- ----------------------------
DROP TABLE "PLATFORM400"."USER_LINKED_DEPT";
CREATE TABLE "PLATFORM400"."USER_LINKED_DEPT" (
"ROW_ID" VARCHAR2(32 CHAR) NOT NULL ,
"CREATETIME" DATE NULL ,
"CREATEUSERID" VARCHAR2(32 CHAR) NULL ,
"UPDATETIME" DATE NULL ,
"UPDATEUSERID" VARCHAR2(32 CHAR) NULL ,
"LINKED_DEP_ID" VARCHAR2(40 CHAR) NOT NULL ,
"USER_ID" VARCHAR2(40 CHAR) NOT NULL 
)
LOGGING
NOCOMPRESS
NOCACHE

;

-- ----------------------------
-- Records of USER_LINKED_DEPT
-- ----------------------------

-- ----------------------------
-- Table structure for "PLATFORM400"."USER_RIGHT"
-- ----------------------------
DROP TABLE "PLATFORM400"."USER_RIGHT";
CREATE TABLE "PLATFORM400"."USER_RIGHT" (
"ROW_ID" VARCHAR2(32 CHAR) NOT NULL ,
"CREATETIME" DATE NULL ,
"CREATEUSERID" VARCHAR2(32 CHAR) NULL ,
"UPDATETIME" DATE NULL ,
"UPDATEUSERID" VARCHAR2(32 CHAR) NULL ,
"ROLE_ID" VARCHAR2(32 CHAR) NULL ,
"USER_ID" VARCHAR2(32 CHAR) NULL 
)
LOGGING
NOCOMPRESS
NOCACHE

;

-- ----------------------------
-- Records of USER_RIGHT
-- ----------------------------
INSERT INTO "PLATFORM400"."USER_RIGHT" VALUES ('8a8180553fe55a89013fe568ade10076', TO_DATE('2013-07-16 10:56:50', 'YYYY-MM-DD HH24:MI:SS'), '402880e92db726b5012db729f65f0001', TO_DATE('2013-07-16 10:56:50', 'YYYY-MM-DD HH24:MI:SS'), '402880e92db726b5012db729f65f0001', '4ae6f5932db72e88012db72fa5060001', '402880e92db726b5012db729f65f0001');

-- ----------------------------
-- Table structure for "PLATFORM400"."USERROLE"
-- ----------------------------
DROP TABLE "PLATFORM400"."USERROLE";
CREATE TABLE "PLATFORM400"."USERROLE" (
"ROW_ID" VARCHAR2(32 CHAR) NOT NULL ,
"CREATETIME" DATE NULL ,
"CREATEUSERID" VARCHAR2(32 CHAR) NULL ,
"UPDATETIME" DATE NULL ,
"UPDATEUSERID" VARCHAR2(32 CHAR) NULL ,
"ACCESSCONTROL" FLOAT(126) NULL ,
"CAPTION" VARCHAR2(100 CHAR) NULL ,
"DELFLAG" FLOAT(126) NULL ,
"DEPT_CODE" VARCHAR2(100 CHAR) NULL ,
"ISLOWER" FLOAT(126) NULL ,
"IS_PUBLIC" FLOAT(126) NULL ,
"ROLE_CODE" VARCHAR2(200 CHAR) NULL ,
"ROLENAME" VARCHAR2(100 CHAR) NULL ,
"SORTSQ" FLOAT(126) NULL ,
"IS_SUP_ADMIN" FLOAT(126) NULL ,
"IS_DEPT_ADMIN" FLOAT(126) NULL ,
"PARENT_ROLE_ID" VARCHAR2(40 CHAR) NULL ,
"ROLE_TYPE" VARCHAR2(50 CHAR) NULL 
)
LOGGING
NOCOMPRESS
NOCACHE

;

-- ----------------------------
-- Records of USERROLE
-- ----------------------------
INSERT INTO "PLATFORM400"."USERROLE" VALUES ('4ae6f5932db72e88012db72fa5060001', null, null, TO_DATE('2013-06-23 22:31:28', 'YYYY-MM-DD HH24:MI:SS'), '402880e92db726b5012db729f65f0001', '1', null, '0', null, '0', '0', 'A01', '系统管理员', '99', '1', '0', null, '001');

-- ----------------------------
-- Table structure for "PLATFORM400"."USERS"
-- ----------------------------
DROP TABLE "PLATFORM400"."USERS";
CREATE TABLE "PLATFORM400"."USERS" (
"ROW_ID" VARCHAR2(32 CHAR) NOT NULL ,
"CREATETIME" DATE NULL ,
"CREATEUSERID" VARCHAR2(32 CHAR) NULL ,
"UPDATETIME" DATE NULL ,
"UPDATEUSERID" VARCHAR2(32 CHAR) NULL ,
"CSS_ID" VARCHAR2(50 CHAR) NULL ,
"DEL_FLAG" FLOAT(126) NOT NULL ,
"DEPT_CODE" VARCHAR2(50 CHAR) NOT NULL ,
"DISPLAY_NAME" VARCHAR2(100 CHAR) NOT NULL ,
"DISPLAY_NUM" FLOAT(126) NULL ,
"DUTY" VARCHAR2(100 CHAR) NULL ,
"EMAIL" VARCHAR2(100 CHAR) NULL ,
"LOGIN_ID" VARCHAR2(20 CHAR) NOT NULL ,
"MOBILE" VARCHAR2(11 CHAR) NULL ,
"PASSWORD" VARCHAR2(50 CHAR) NOT NULL ,
"SORT_SQ" FLOAT(126) NULL ,
"TEL" VARCHAR2(50 CHAR) NULL ,
"DEPT_ID" VARCHAR2(32 CHAR) NULL 
)
LOGGING
NOCOMPRESS
NOCACHE

;

-- ----------------------------
-- Records of USERS
-- ----------------------------
INSERT INTO "PLATFORM400"."USERS" VALUES ('402880e92db726b5012db729f65f0001', null, null, TO_DATE('2013-07-17 10:18:37', 'YYYY-MM-DD HH24:MI:SS'), '402880e92db726b5012db729f65f0001', null, '0', '001', '系统管理员', null, '系统管理', ' ', 'admin', ' ', 'd3eb9a9233e52948740d7eb8c3062d14', '1', ' ', '402880e92db5d2ee012db601b2220004');

-- ----------------------------
-- Table structure for "PLATFORM400"."VERSION"
-- ----------------------------
DROP TABLE "PLATFORM400"."VERSION";
CREATE TABLE "PLATFORM400"."VERSION" (
"ROW_ID" VARCHAR2(32 CHAR) NOT NULL ,
"CREATETIME" DATE NULL ,
"CREATEUSERID" VARCHAR2(32 CHAR) NULL ,
"UPDATETIME" DATE NULL ,
"UPDATEUSERID" VARCHAR2(32 CHAR) NULL ,
"DELFLAG" FLOAT(126) NULL ,
"DEPTID" VARCHAR2(255 CHAR) NULL ,
"VERSION_DOWNLOAD" VARCHAR2(255 CHAR) NULL ,
"VERSION_NUMBER" VARCHAR2(255 CHAR) NULL ,
"VERSION_PLATFORM" VARCHAR2(255 CHAR) NULL ,
"CONTENT" VARCHAR2(255 CHAR) NULL 
)
LOGGING
NOCOMPRESS
NOCACHE

;

-- ----------------------------
-- Records of VERSION
-- ----------------------------

-- ----------------------------
-- View structure for "PLATFORM400"."MGV_ALL_CAPTURED_SQL"
-- ----------------------------
CREATE OR REPLACE FORCE VIEW "PLATFORM400"."MGV_ALL_CAPTURED_SQL" AS 
SELECT d."OBJTYPE",d."OBJNAME",d."OBJID",d."MAINOBJTYPE",d."MAINOBJNAME",d."MAINOBJID",d."SCHEMANAME",d."SCHEMAID",d."CATALOGNAME",d."CATALOGID",d."CONNNAME",d."CONNID",d."PROJECTNAME",d."PROJECTID",d."CAPTUREDORCONVERTED",d."QUALIFIEDNAME", p.native_sql,p.linecount 
FROM md_stored_programs p , mgv_all_programs_details d
WHERE p.id = d.objid
AND d.capturedorconverted = 'CAPTURED'
UNION ALL
SELECT d."OBJTYPE",d."OBJNAME",d."OBJID",d."MAINOBJTYPE",d."MAINOBJNAME",d."MAINOBJID",d."SCHEMANAME",d."SCHEMAID",d."CATALOGNAME",d."CATALOGID",d."CONNNAME",d."CONNID",d."PROJECTNAME",d."PROJECTID",d."CAPTUREDORCONVERTED",d."QUALIFIEDNAME",v.native_sql,v.linecount
FROM md_views v , mgv_all_view_details d
WHERE v.id = d.objid
AND d.capturedorconverted = 'CAPTURED'
UNION ALL
SELECT d."OBJTYPE",d."OBJNAME",d."OBJID",d."MAINOBJTYPE",d."MAINOBJNAME",d."MAINOBJID",d."SCHEMANAME",d."SCHEMAID",d."CATALOGNAME",d."CATALOGID",d."CONNNAME",d."CONNID",d."PROJECTNAME",d."PROJECTID",d."CAPTUREDORCONVERTED",d."QUALIFIEDNAME" ,t.native_sql,t.linecount
FROM md_triggers t , mgv_all_trigger_details d
WHERE t.id = d.objid
AND d.capturedorconverted = 'CAPTURED';

-- ----------------------------
-- View structure for "PLATFORM400"."MGV_ALL_CATALOG_DETAILS"
-- ----------------------------
CREATE OR REPLACE FORCE VIEW "PLATFORM400"."MGV_ALL_CATALOG_DETAILS" AS 
SELECT 'MD_CATALOGS' objtype, cat.catalog_name objname, cat.id objid,  'MD_CATALOGS' MainObjType,cat.catalog_name MAINOBJNAME, cat.id MAINOBJID,null SchemaName,null schemaid, cat.catalog_name catalogname,cat.id catalogid, conn.name connname,conn.id  connid,proj.project_name projectname,proj.id projectid,
NVL(conn.type,'CAPTURED') CapturedOrConverted, 
CASE WHEN conn.type IS NULL THEN cat.catalog_name ELSE NULL END QualifiedName
FROM  MD_CATALOGS cat,MD_CONNECTIONS conn, MD_PROJECTS proj
WHERE  cat.connection_id_fk = conn.id
AND conn.PROJECT_ID_FK = proj.id;

-- ----------------------------
-- View structure for "PLATFORM400"."MGV_ALL_CATALOGS"
-- ----------------------------
CREATE OR REPLACE FORCE VIEW "PLATFORM400"."MGV_ALL_CATALOGS" AS 
SELECT md_projects.id project_id ,
    md_projects.project_name project_name,
    md_connections.id connection_id ,
    md_connections.host host ,
    md_connections.port port ,
    md_connections.username username ,
    md_connections.dburl dburl ,
    md_catalogs.id catalog_id ,
    md_catalogs.catalog_name catalog_name
  FROM md_projects ,
    md_connections,
    md_catalogs
  WHERE md_catalogs.connection_id_fk = md_connections.id
  AND md_connections.project_id_fk   = md_projects.id
WITH READ ONLY 
CONSTRAINTS "SYS_C0063034";

-- ----------------------------
-- View structure for "PLATFORM400"."MGV_ALL_COLUMN_DETAILS"
-- ----------------------------
CREATE OR REPLACE FORCE VIEW "PLATFORM400"."MGV_ALL_COLUMN_DETAILS" AS 
SELECT 'MD_COLUMNS' objtype, c.COLUMN_NAME objname, c.Id objid,  'MD_TABLES' MainObjType,t.table_name MAINOBJNAME, t.id MAINOBJID, s.name SchemaName, s.id schemaid, cat.catalog_name catalogname,cat.id catalogid, conn.name connname,conn.id  connid,proj.project_name projectname,proj.id projectid,
NVL(conn.type,'CAPTURED') CapturedOrConverted, 
CASE WHEN conn.type IS NULL THEN cat.catalog_name||'.' ELSE '' END || s.name||'.'||t.table_name ||'.'||c.COLUMN_NAME QualifiedName
FROM MD_COLUMNS c, MD_TABLES t,MD_SCHEMAS s, MD_CATALOGS cat,MD_CONNECTIONS conn, MD_PROJECTS proj
WHERE c.table_id_fk = t.id
AND t.schema_id_fk = s.id
AND s.catalog_id_fk = cat.id
AND cat.connection_id_fk = conn.id
AND conn.PROJECT_ID_FK = proj.id;

-- ----------------------------
-- View structure for "PLATFORM400"."MGV_ALL_COLUMNDT_DETAILS"
-- ----------------------------
CREATE OR REPLACE FORCE VIEW "PLATFORM400"."MGV_ALL_COLUMNDT_DETAILS" AS 
SELECT 'MD_COLUMNS' objtype, c.COLUMN_NAME objname, c.Id objid,  'MD_TABLES' MainObjType,t.table_name MAINOBJNAME, t.id MAINOBJID, s.name SchemaName, s.id schemaid, cat.catalog_name catalogname,cat.id catalogid, conn.name connname,conn.id  connid,proj.project_name projectname ,proj.id projectid,
NVL(conn.type,'CAPTURED') CapturedOrConverted, 
CASE WHEN conn.type IS NULL THEN cat.catalog_name||'.' ELSE '' END || s.name||'.'||t.table_name ||'.'||c.COLUMN_NAME QualifiedName,
c.column_type datatype,
CASE WHEN p.PROP_KEY='SEEDVALUE' THEN 'Y' ELSE 'N' END IsIdentity
FROM MD_COLUMNS c LEFT OUTER JOIN MD_ADDITIONAL_PROPERTIES p ON c.id =p.ref_id_fk
, MD_TABLES t,MD_SCHEMAS s, MD_CATALOGS cat,MD_CONNECTIONS conn,MD_PROJECTS proj
WHERE c.table_id_fk = t.id
AND t.schema_id_fk = s.id
AND s.catalog_id_fk = cat.id
AND cat.connection_id_fk = conn.id
AND conn.PROJECT_ID_FK = proj.id;

-- ----------------------------
-- View structure for "PLATFORM400"."MGV_ALL_CONNECTIONS"
-- ----------------------------
CREATE OR REPLACE FORCE VIEW "PLATFORM400"."MGV_ALL_CONNECTIONS" AS 
SELECT md_projects.id project_id ,
    md_projects.project_name project_name,
    md_connections.id connection_id ,
    md_connections.host host ,
    md_connections.port port ,
    md_connections.username username ,
    md_connections.dburl dburl
  FROM md_projects,
    md_connections
  WHERE md_connections.project_id_fk = md_projects.id
WITH READ ONLY 
CONSTRAINTS "SYS_C0063035";

-- ----------------------------
-- View structure for "PLATFORM400"."MGV_ALL_CONSTRAINTS_DETAILS"
-- ----------------------------
CREATE OR REPLACE FORCE VIEW "PLATFORM400"."MGV_ALL_CONSTRAINTS_DETAILS" AS 
SELECT 'MD_CONSTRAINTS' objtype, c.name objname, c.Id objid,  'MD_TABLES' MainObjType,t.table_name MAINOBJNAME, t.id MAINOBJID, s.name SchemaName, s.id schemaid, cat.catalog_name catalogname,cat.id catalogid, conn.name connname,conn.id  connid,proj.project_name projectname,proj.id projectid,
NVL(conn.type,'CAPTURED') CapturedOrConverted, 
CASE WHEN conn.type IS NULL THEN cat.catalog_name||'.' ELSE '' END || s.name||'.'||t.table_name ||'.'||c.name QualifiedName
FROM MD_CONSTRAINTS c, MD_TABLES t,MD_SCHEMAS s, MD_CATALOGS cat,MD_CONNECTIONS conn, MD_PROJECTS proj
WHERE c.table_id_fk = t.id
AND t.schema_id_fk = s.id
AND s.catalog_id_fk = cat.id
AND cat.connection_id_fk = conn.id
AND conn.PROJECT_ID_FK = proj.id;

-- ----------------------------
-- View structure for "PLATFORM400"."MGV_ALL_DETAILS"
-- ----------------------------
CREATE OR REPLACE FORCE VIEW "PLATFORM400"."MGV_ALL_DETAILS" AS 
SELECT "OBJTYPE","OBJNAME","OBJID","MAINOBJTYPE","MAINOBJNAME","MAINOBJID","SCHEMANAME","SCHEMAID","CATALOGNAME","CATALOGID","CONNNAME","CONNID","PROJECTNAME","PROJECTID","CAPTUREDORCONVERTED","QUALIFIEDNAME" FROM MGV_ALL_CATALOG_DETAILS
UNION
SELECT "OBJTYPE","OBJNAME","OBJID","MAINOBJTYPE","MAINOBJNAME","MAINOBJID","SCHEMANAME","SCHEMAID","CATALOGNAME","CATALOGID","CONNNAME","CONNID","PROJECTNAME","PROJECTID","CAPTUREDORCONVERTED","QUALIFIEDNAME" FROM MGV_ALL_SCHEMA_DETAILS
UNION
SELECT "OBJTYPE","OBJNAME","OBJID","MAINOBJTYPE","MAINOBJNAME","MAINOBJID","SCHEMANAME","SCHEMAID","CATALOGNAME","CATALOGID","CONNNAME","CONNID","PROJECTNAME","PROJECTID","CAPTUREDORCONVERTED","QUALIFIEDNAME" FROM MGV_ALL_TABLES_DETAILS
UNION
SELECT "OBJTYPE","OBJNAME","OBJID","MAINOBJTYPE","MAINOBJNAME","MAINOBJID","SCHEMANAME","SCHEMAID","CATALOGNAME","CATALOGID","CONNNAME","CONNID","PROJECTNAME","PROJECTID","CAPTUREDORCONVERTED","QUALIFIEDNAME" FROM MGV_ALL_COLUMN_DETAILS
UNION
SELECT "OBJTYPE","OBJNAME","OBJID","MAINOBJTYPE","MAINOBJNAME","MAINOBJID","SCHEMANAME","SCHEMAID","CATALOGNAME","CATALOGID","CONNNAME","CONNID","PROJECTNAME","PROJECTID","CAPTUREDORCONVERTED","QUALIFIEDNAME" FROM MGV_ALL_CONSTRAINTS_DETAILS
UNION
SELECT "OBJTYPE","OBJNAME","OBJID","MAINOBJTYPE","MAINOBJNAME","MAINOBJID","SCHEMANAME","SCHEMAID","CATALOGNAME","CATALOGID","CONNNAME","CONNID","PROJECTNAME","PROJECTID","CAPTUREDORCONVERTED","QUALIFIEDNAME" FROM MGV_ALL_INDEX_DETAILS
UNION
SELECT "OBJTYPE","OBJNAME","OBJID","MAINOBJTYPE","MAINOBJNAME","MAINOBJID","SCHEMANAME","SCHEMAID","CATALOGNAME","CATALOGID","CONNNAME","CONNID","PROJECTNAME","PROJECTID","CAPTUREDORCONVERTED","QUALIFIEDNAME" FROM MGV_ALL_TRIGGER_DETAILS
UNION
SELECT "OBJTYPE","OBJNAME","OBJID","MAINOBJTYPE","MAINOBJNAME","MAINOBJID","SCHEMANAME","SCHEMAID","CATALOGNAME","CATALOGID","CONNNAME","CONNID","PROJECTNAME","PROJECTID","CAPTUREDORCONVERTED","QUALIFIEDNAME" FROM MGV_ALL_VIEW_DETAILS
UNION
SELECT "OBJTYPE","OBJNAME","OBJID","MAINOBJTYPE","MAINOBJNAME","MAINOBJID","SCHEMANAME","SCHEMAID","CATALOGNAME","CATALOGID","CONNNAME","CONNID","PROJECTNAME","PROJECTID","CAPTUREDORCONVERTED","QUALIFIEDNAME" FROM MGV_ALL_PROGRAMS_DETAILS;

-- ----------------------------
-- View structure for "PLATFORM400"."MGV_ALL_INDEX_DETAILS"
-- ----------------------------
CREATE OR REPLACE FORCE VIEW "PLATFORM400"."MGV_ALL_INDEX_DETAILS" AS 
SELECT 'MD_INDEXES' objtype,i.index_name objname, i.Id objid,  'MD_TABLES' MainObjType,t.table_name MAINOBJNAME,t.id MAINOBJID, s.name SchemaName, s.id schemaid, cat.catalog_name catalogname,cat.id catalogid, conn.name connname,conn.id  connid, proj.project_name projectname,proj.id projectid,
NVL(conn.type,'CAPTURED') CapturedOrConverted, 
CASE WHEN conn.type IS NULL THEN cat.catalog_name||'.' ELSE '' END || s.name||'.'||i.index_name  QualifiedName
FROM MD_INDEXES i, MD_TABLES t,MD_SCHEMAS s, MD_CATALOGS cat,MD_CONNECTIONS conn,MD_PROJECTS proj
WHERE i.table_id_fk = t.id
AND t.schema_id_fk = s.id
AND s.catalog_id_fk = cat.id
AND cat.connection_id_fk = conn.id
AND conn.PROJECT_ID_FK = proj.id;

-- ----------------------------
-- View structure for "PLATFORM400"."MGV_ALL_PROGRAMS_DETAILS"
-- ----------------------------
CREATE OR REPLACE FORCE VIEW "PLATFORM400"."MGV_ALL_PROGRAMS_DETAILS" AS 
SELECT 'MD_STORED_PROGRAMS' objtype,p.name objname, p.Id objid,  'MD_STORED_PROGRAMS' MainObjType,p.name MAINOBJNAME,p.id MAINOBJID, s.name SchemaName, s.id schemaid, cat.catalog_name catalogname,cat.id catalogid, conn.name connname,conn.id  connid,proj.project_name projectname,proj.id projectid,
NVL(conn.type,'CAPTURED') CapturedOrConverted, 
CASE WHEN conn.type IS NULL THEN cat.catalog_name||'.' ELSE '' END || s.name||'.'||p.name  QualifiedName
FROM MD_STORED_PROGRAMS p,MD_SCHEMAS s, MD_CATALOGS cat,MD_CONNECTIONS conn, MD_PROJECTS proj
WHERE p.schema_id_fk = s.id
AND s.catalog_id_fk = cat.id
AND cat.connection_id_fk = conn.id
AND conn.PROJECT_ID_FK = proj.id;

-- ----------------------------
-- View structure for "PLATFORM400"."MGV_ALL_SCHEMA"
-- ----------------------------
CREATE OR REPLACE FORCE VIEW "PLATFORM400"."MGV_ALL_SCHEMA" AS 
SELECT md_projects.id project_id ,
    md_projects.project_name project_name,
    md_connections.id connection_id ,
    md_connections.host host ,
    md_connections.port port ,
    md_connections.username username ,
    md_catalogs.id catalog_id ,
    md_catalogs.catalog_name catalog_name,
    md_schemas.id schema_id ,
    md_schemas.name schema_name
  FROM md_connections,
    md_catalogs ,
    md_schemas ,
    md_projects
  WHERE md_schemas.catalog_id_fk   = md_catalogs.id
  AND md_catalogs.connection_id_fk = md_connections.id
  AND md_connections.project_id_fk = md_projects.id
WITH READ ONLY 
CONSTRAINTS "SYS_C0063032";

-- ----------------------------
-- View structure for "PLATFORM400"."MGV_ALL_SCHEMA_DETAILS"
-- ----------------------------
CREATE OR REPLACE FORCE VIEW "PLATFORM400"."MGV_ALL_SCHEMA_DETAILS" AS 
SELECT 'MD_SCHEMAS' objtype, s.name objname, s.id objid,  'MD_SCHEMAS' MainObjType,s.name MAINOBJNAME, s.id MAINOBJID, s.name SchemaName, s.id schemaid, cat.catalog_name catalogname,cat.id catalogid, conn.name connname,conn.id  connid,proj.project_name projectname,proj.id projectid,
NVL(conn.type,'CAPTURED') CapturedOrConverted, 
CASE WHEN conn.type IS NULL THEN cat.catalog_name||'.' ELSE '' END || s.name QualifiedName
FROM MD_SCHEMAS s, MD_CATALOGS cat,MD_CONNECTIONS conn, MD_PROJECTS proj
WHERE s.catalog_id_fk = cat.id
AND cat.connection_id_fk = conn.id
AND conn.PROJECT_ID_FK = proj.id;

-- ----------------------------
-- View structure for "PLATFORM400"."MGV_ALL_STORED_PROGRAMS"
-- ----------------------------
CREATE OR REPLACE FORCE VIEW "PLATFORM400"."MGV_ALL_STORED_PROGRAMS" AS 
SELECT md_projects.id project_id ,
    md_projects.project_name project_name ,
    md_connections.id connection_id ,
    md_connections.host host ,
    md_connections.port port ,
    md_connections.username username ,
    md_catalogs.id catalog_id ,
    md_catalogs.catalog_name catalog_name ,
    md_schemas.id schema_id ,
    md_schemas.name schema_name ,
    md_stored_programs.id stored_program_id ,
    md_stored_programs.programtype programtype ,
    md_stored_programs.name stored_program_name,
    md_stored_programs.package_id_fk package_id_fk
  FROM md_projects ,
    md_connections,
    md_catalogs ,
    md_schemas ,
    md_stored_programs
  WHERE md_stored_programs.schema_id_fk = md_schemas.id
  AND md_schemas.catalog_id_fk          = md_catalogs.id
  AND md_catalogs.connection_id_fk      = md_connections.id
  AND md_connections.project_id_fk      = md_projects.id;

-- ----------------------------
-- View structure for "PLATFORM400"."MGV_ALL_TABLE_TRIGGERS"
-- ----------------------------
CREATE OR REPLACE FORCE VIEW "PLATFORM400"."MGV_ALL_TABLE_TRIGGERS" AS 
SELECT md_projects.id project_id ,
    md_projects.project_name project_name,
    md_connections.id connection_id ,
    md_connections.host host ,
    md_connections.port port ,
    md_connections.username username ,
    md_catalogs.id catalog_id ,
    md_catalogs.catalog_name catalog_name,
    md_catalogs.dummy_flag dummy_flag ,
    md_schemas.id schema_id ,
    md_schemas.name schema_name ,
    md_tables.id table_id ,
    md_tables.TABLE_NAME TABLE_NAME ,
    md_triggers.id trigger_id ,
    md_triggers.trigger_name trigger_name
  FROM md_projects ,
    md_connections,
    md_catalogs ,
    md_schemas ,
    md_tables ,
    md_triggers
  WHERE md_triggers.table_or_view_id_fk = md_tables.id
  AND md_tables.schema_id_fk            = md_schemas.id
  AND md_schemas.catalog_id_fk          = md_catalogs.id
  AND md_catalogs.connection_id_fk      = md_connections.id
  AND md_connections.project_id_fk      = md_projects.id;

-- ----------------------------
-- View structure for "PLATFORM400"."MGV_ALL_TABLES"
-- ----------------------------
CREATE OR REPLACE FORCE VIEW "PLATFORM400"."MGV_ALL_TABLES" AS 
SELECT md_projects.id project_id ,
    md_projects.project_name project_name,
    md_connections.id connection_id ,
    md_connections.host host ,
    md_connections.port port ,
    md_connections.username username ,
    md_connections.dburl dburl ,
    md_catalogs.id catalog_id ,
    md_catalogs.catalog_name catalog_name,
    md_schemas.id schema_id ,
    md_schemas.name schema_name ,
    md_tables.id table_id ,
    md_tables.TABLE_NAME TABLE_NAME
  FROM md_connections,
    md_catalogs ,
    md_schemas ,
    md_tables ,
    md_projects
  WHERE md_tables.schema_id_fk     = md_schemas.id
  AND md_schemas.catalog_id_fk     = md_catalogs.id
  AND md_catalogs.connection_id_fk = md_connections.id
  AND md_connections.project_id_fk = md_projects.id
WITH READ ONLY 
CONSTRAINTS "SYS_C0063033";

-- ----------------------------
-- View structure for "PLATFORM400"."MGV_ALL_TABLES_DETAILS"
-- ----------------------------
CREATE OR REPLACE FORCE VIEW "PLATFORM400"."MGV_ALL_TABLES_DETAILS" AS 
SELECT 'MD_TABLES' objtype, t.table_name objname, t.id objid,  'MD_TABLES' MainObjType,t.table_name MAINOBJNAME, t.id MAINOBJID, s.name SchemaName, s.id schemaid, cat.catalog_name catalogname,cat.id catalogid, conn.name connname,conn.id  connid,proj.project_name projectname,proj.id projectid,
NVL(conn.type,'CAPTURED') CapturedOrConverted, 
CASE WHEN conn.type IS NULL THEN  
      CASE WHEN ident.iscatalogrequired = 1 THEN ident.ldelimiter||cat.catalog_name||ident.rdelimiter||'.' ELSE '' END|| 
      CASE WHEN ident.isschemarequired = 1   THEN ident.ldelimiter || s.name||ident.rdelimiter||'.' ELSE '' END ||ident.ldelimiter|| t.table_name||ident.rdelimiter  ELSE s.name||'.'||t.table_name END QualifiedName
FROM MD_TABLES t,MD_SCHEMAS s, MD_CATALOGS cat,MD_CONNECTIONS conn, MD_PROJECTS proj,mgv_identifier_delimiter ident
WHERE t.schema_id_fk = s.id
AND s.catalog_id_fk = cat.id
AND cat.connection_id_fk = conn.id
AND conn.PROJECT_ID_FK = proj.id
AND ident.connection_id_fk = conn.id;

-- ----------------------------
-- View structure for "PLATFORM400"."MGV_ALL_TRIGGER_DETAILS"
-- ----------------------------
CREATE OR REPLACE FORCE VIEW "PLATFORM400"."MGV_ALL_TRIGGER_DETAILS" AS 
SELECT 'MD_TRIGGERS' objtype,trig.trigger_name objname, trig.Id objid,  'MD_TABLES' MainObjType,t.table_name MAINOBJNAME,t.id MAINOBJID, s.name SchemaName, s.id schemaid, cat.catalog_name catalogname,cat.id catalogid, conn.name connname,conn.id  connid,proj.project_name projectname,proj.id projectid,
NVL(conn.type,'CAPTURED') CapturedOrConverted, 
CASE WHEN conn.type IS NULL THEN cat.catalog_name||'.' ELSE '' END || s.name||'.'||trig.trigger_name  QualifiedName
FROM MD_TRIGGERS trig, MD_TABLES t,MD_SCHEMAS s, MD_CATALOGS cat,MD_CONNECTIONS conn, MD_PROJECTS proj
WHERE trig.table_or_view_id_fk = t.id
AND t.schema_id_fk = s.id
AND s.catalog_id_fk = cat.id
AND cat.connection_id_fk = conn.id
AND conn.PROJECT_ID_FK = proj.id 
UNION
SELECT 'MD_TRIGGERS' objtype,trig.trigger_name objname, trig.Id objid,  'MD_VIEWS' MainObjType,v.view_name MAINOBJNAME,v.id MAINOBJID, s.name SchemaName, s.id schemaid, cat.catalog_name catalogname,cat.id catalogid, conn.name connname,conn.id  connid,proj.project_name projectname,proj.id projectid,
NVL(conn.type,'CAPTURED') CapturedOrConverted, 
CASE WHEN conn.type IS NULL THEN cat.catalog_name||'.' ELSE '' END || s.name||'.'||trig.trigger_name  QualifiedName
FROM MD_TRIGGERS trig, MD_VIEWS v,MD_SCHEMAS s, MD_CATALOGS cat,MD_CONNECTIONS conn, MD_PROJECTS proj
WHERE trig.table_or_view_id_fk = v.id
AND v.schema_id_fk = s.id
AND s.catalog_id_fk = cat.id
AND cat.connection_id_fk = conn.id
AND conn.PROJECT_ID_FK = proj.id 
ORDER BY objid;

-- ----------------------------
-- View structure for "PLATFORM400"."MGV_ALL_VIEW_DETAILS"
-- ----------------------------
CREATE OR REPLACE FORCE VIEW "PLATFORM400"."MGV_ALL_VIEW_DETAILS" AS 
SELECT 'MD_VIEWS' objtype, v.view_name objname, v.Id objid,  'MD_VIEWS' MainObjType,v.view_name MAINOBJNAME,v.id MAINOBJID, s.name SchemaName, s.id schemaid, cat.catalog_name catalogname,cat.id catalogid, conn.name connname,conn.id  connid,proj.project_name projectname,proj.id projectid,
NVL(conn.type,'CAPTURED') CapturedOrConverted, 
CASE WHEN conn.type IS NULL THEN cat.catalog_name||'.' ELSE '' END || s.name||'.'||v.view_name  QualifiedName
FROM MD_VIEWS v,MD_SCHEMAS s, MD_CATALOGS cat,MD_CONNECTIONS conn, MD_PROJECTS proj
WHERE v.schema_id_fk = s.id
AND s.catalog_id_fk = cat.id
AND cat.connection_id_fk = conn.id
AND conn.PROJECT_ID_FK = proj.id;

-- ----------------------------
-- View structure for "PLATFORM400"."MGV_ALL_VIEW_TRIGGERS"
-- ----------------------------
CREATE OR REPLACE FORCE VIEW "PLATFORM400"."MGV_ALL_VIEW_TRIGGERS" AS 
SELECT md_projects.id project_id ,
    md_projects.project_name project_name,
    md_connections.id connection_id ,
    md_connections.host host ,
    md_connections.port port ,
    md_connections.username username ,
    md_catalogs.id catalog_id ,
    md_catalogs.catalog_name catalog_name,
    md_catalogs.dummy_flag dummy_flag ,
    md_schemas.id schema_id ,
    md_schemas.name schema_name ,
    md_views.id view_id ,
    md_views.view_name view_name ,
    md_triggers.id trigger_id ,
    md_triggers.trigger_name trigger_name
  FROM md_projects ,
    md_connections,
    md_catalogs ,
    md_schemas ,
    md_views ,
    md_triggers
  WHERE md_triggers.table_or_view_id_fk = md_views.id
  AND md_views.schema_id_fk             = md_schemas.id
  AND md_schemas.catalog_id_fk          = md_catalogs.id
  AND md_catalogs.connection_id_fk      = md_connections.id
  AND md_connections.project_id_fk      = md_projects.id;

-- ----------------------------
-- View structure for "PLATFORM400"."MGV_ALL_VIEWS"
-- ----------------------------
CREATE OR REPLACE FORCE VIEW "PLATFORM400"."MGV_ALL_VIEWS" AS 
SELECT md_projects.id project_id ,
    md_projects.project_name project_name,
    md_connections.id connection_id ,
    md_connections.host host ,
    md_connections.port port ,
    username username ,
    md_catalogs.id catalog_id ,
    md_catalogs.catalog_name catalog_name,
    md_catalogs.dummy_flag dummy_flag ,
    md_schemas.id schema_id ,
    md_schemas.name schema_name ,
    md_views.id view_id ,
    md_views.view_name view_name
  FROM md_projects ,
    md_connections,
    md_catalogs ,
    md_schemas ,
    md_views
  WHERE md_views.schema_id_fk      = md_schemas.id
  AND md_schemas.catalog_id_fk     = md_catalogs.id
  AND md_catalogs.connection_id_fk = md_connections.id
  AND md_connections.project_id_fk = md_projects.id
WITH READ ONLY 
CONSTRAINTS "SYS_C0063036";
COMMENT ON TABLE "PLATFORM400"."MGV_ALL_VIEWS" IS 'View to iterate over all views in the system';

-- ----------------------------
-- View structure for "PLATFORM400"."MGV_DERIVATIVES"
-- ----------------------------
CREATE OR REPLACE FORCE VIEW "PLATFORM400"."MGV_DERIVATIVES" AS 
SELECT "ID","SRC_ID","SRC_TYPE","DERIVED_ID","DERIVED_TYPE","DERIVED_CONNECTION_ID_FK","TRANSFORMED","ORIGINAL_IDENTIFIER","NEW_IDENTIFIER","DERIVED_OBJECT_NAMESPACE","DERIVATIVE_REASON","SECURITY_GROUP_ID","CREATED_ON","CREATED_BY","LAST_UPDATED_ON","LAST_UPDATED_BY" FROM MD_DERIVATIVES WHERE (Derivative_Reason <> 'SCRATCH' OR DERIVative_Reason IS NULL);

-- ----------------------------
-- View structure for "PLATFORM400"."MGV_DERIVED_DETAILS"
-- ----------------------------
CREATE OR REPLACE FORCE VIEW "PLATFORM400"."MGV_DERIVED_DETAILS" AS 
SELECT d1.catalogid capcatalogid,
    d1.catalogname capcatalogname,
    d1.connid capconnid,
    d1.connname capconnname,
    d1.mainobjid capmainobjid,
    d1.mainobjname capmainobjname,
    d1.mainobjtype capmainobjtype ,
    d1.objid capobjid,
    d1.objname capobjname,
    d1.objtype capobjtype,
    d1.projectid capprojectid,
    d1.projectname capprojectname,
    d1.qualifiedname capqualifiedname,
    d1.schemaid capschemaid,
    d1.schemaname capschemaname,
    d2.catalogid concatalogid,
    d2.catalogname concatalogname,
    d2.connid conconnid,
    d2.connname conconnname,
    d2.mainobjid conmainobjid,
    d2.mainobjname conmainobjname,
    d2.mainobjtype conmainobjtype ,
    d2.objid conobjid,
    d2.objname conobjname,
    d2.objtype conobjtype,
    d2.projectid conprojectid,
    d2.projectname conprojectname,
    d2.qualifiedname conqualifiedname,
    d2.schemaid conschemaid,
    d2.schemaname conschemaname,
    der.derivative_reason
  FROM mgv_all_details d1
  LEFT OUTER JOIN md_derivatives der
  ON der.src_id              = d1.objid
  AND der.derivative_reason IS NULL
  LEFT OUTER JOIN mgv_all_details d2
  ON der.derived_id            = d2.objid
  WHERE d1.capturedorconverted = 'CAPTURED'
  AND der.derivative_reason   IS NULL;

-- ----------------------------
-- View structure for "PLATFORM400"."MGV_IDENTIFIER_DELIMITER"
-- ----------------------------
CREATE OR REPLACE FORCE VIEW "PLATFORM400"."MGV_IDENTIFIER_DELIMITER" AS 
SELECT CONNECTION_ID_FK,
    VALUE,
    CASE
      WHEN VALUE LIKE '%Sybase%'
      THEN '['
      WHEN VALUE LIKE '%SQLServer%'
      THEN '['
      WHEN VALUE LIKE '%MSAccess%'
      THEN '['
      WHEN VALUE LIKE '%MySQL%'
      THEN'`'
      WHEN VALUE LIKE '%DB2%'
      THEN '"'
      WHEN VALUE LIKE '%Teradata%'
      THEN '"'
      ELSE NULL
    END LDELIMITER,
    CASE
      WHEN VALUE LIKE '%Sybase%'
      THEN ']'
      WHEN VALUE LIKE '%SQLServer%'
      THEN ']'
      WHEN VALUE LIKE '%MSAccess%'
      THEN ']'
      WHEN VALUE LIKE '%MySQL%'
      THEN'`'
      WHEN VALUE LIKE '%DB2%'
      THEN '"'
      WHEN VALUE LIKE '%Teradata%'
      THEN '"'
      ELSE NULL
    END RDELIMITER,
    CASE
      WHEN VALUE LIKE '%Sybase%'
      THEN 1
      WHEN VALUE LIKE '%SQLServer%'
      THEN 1
      WHEN VALUE LIKE '%MSAccess%'
      THEN 0
      WHEN VALUE LIKE '%MySQL%'
      THEN 0
      WHEN VALUE LIKE '%DB2%'
      THEN 0
      WHEN VALUE LIKE '%Teradata%'
      THEN 0
      ELSE 1
      END ISCATALOGREQUIRED , 
      CASE
      WHEN VALUE LIKE '%Sybase%'
      THEN 1
      WHEN VALUE LIKE '%SQLServer%'
      THEN 1
      WHEN VALUE LIKE '%MSAccess%'
      THEN 0
      WHEN VALUE LIKE '%MySQL%'
      THEN 1
      WHEN VALUE LIKE '%DB2%'
      THEN 1
      WHEN VALUE LIKE '%Teradata%'
      THEN 1
      ELSE 1
      END ISSCHEMAREQUIRED 
  FROM MD_ADDITIONAL_PROPERTIES
  WHERE LOWER(PROP_KEY) = 'plugin_id';

-- ----------------------------
-- View structure for "PLATFORM400"."MGV_SCRATCH_DERIVATIVES"
-- ----------------------------
CREATE OR REPLACE FORCE VIEW "PLATFORM400"."MGV_SCRATCH_DERIVATIVES" AS 
SELECT "ID","SRC_ID","SRC_TYPE","DERIVED_ID","DERIVED_TYPE","DERIVED_CONNECTION_ID_FK","TRANSFORMED","ORIGINAL_IDENTIFIER","NEW_IDENTIFIER","DERIVED_OBJECT_NAMESPACE","DERIVATIVE_REASON","SECURITY_GROUP_ID","CREATED_ON","CREATED_BY","LAST_UPDATED_ON","LAST_UPDATED_BY" FROM MD_DERIVATIVES WHERE Derivative_Reason = 'SCRATCH';

-- ----------------------------
-- Sequence structure for "PLATFORM400"."DBOBJECTID_SEQUENCE"
-- ----------------------------
DROP SEQUENCE "PLATFORM400"."DBOBJECTID_SEQUENCE";
CREATE SEQUENCE "PLATFORM400"."DBOBJECTID_SEQUENCE"
 INCREMENT BY 50
 MINVALUE 1
 MAXVALUE 999999999999999999999999
 START WITH 390001
 CACHE 50;

-- ----------------------------
-- Indexes structure for table ATTACHFILES
-- ----------------------------

-- ----------------------------
-- Checks structure for table "PLATFORM400"."ATTACHFILES"
-- ----------------------------
ALTER TABLE "PLATFORM400"."ATTACHFILES" ADD CHECK ("ROW_ID" IS NOT NULL);

-- ----------------------------
-- Primary Key structure for table "PLATFORM400"."ATTACHFILES"
-- ----------------------------
ALTER TABLE "PLATFORM400"."ATTACHFILES" ADD PRIMARY KEY ("ROW_ID");

-- ----------------------------
-- Indexes structure for table BEHAVIOR_LOG_PARAM
-- ----------------------------
CREATE INDEX "PLATFORM400"."FK_HI2G4X4HLNEHWNK8CTKUEJGCG_1"
ON "PLATFORM400"."BEHAVIOR_LOG_PARAM" ("LOG_ID" ASC)
LOGGING
VISIBLE;

-- ----------------------------
-- Checks structure for table "PLATFORM400"."BEHAVIOR_LOG_PARAM"
-- ----------------------------
ALTER TABLE "PLATFORM400"."BEHAVIOR_LOG_PARAM" ADD CHECK ("ROW_ID" IS NOT NULL);

-- ----------------------------
-- Primary Key structure for table "PLATFORM400"."BEHAVIOR_LOG_PARAM"
-- ----------------------------
ALTER TABLE "PLATFORM400"."BEHAVIOR_LOG_PARAM" ADD PRIMARY KEY ("ROW_ID");

-- ----------------------------
-- Indexes structure for table CODE
-- ----------------------------

-- ----------------------------
-- Checks structure for table "PLATFORM400"."CODE"
-- ----------------------------
ALTER TABLE "PLATFORM400"."CODE" ADD CHECK ("ROW_ID" IS NOT NULL);
ALTER TABLE "PLATFORM400"."CODE" ADD CHECK ("CODE_NAME" IS NOT NULL);
ALTER TABLE "PLATFORM400"."CODE" ADD CHECK ("DEL_FLAG" IS NOT NULL);
ALTER TABLE "PLATFORM400"."CODE" ADD CHECK ("SORT_SQ" IS NOT NULL);

-- ----------------------------
-- Primary Key structure for table "PLATFORM400"."CODE"
-- ----------------------------
ALTER TABLE "PLATFORM400"."CODE" ADD PRIMARY KEY ("ROW_ID");

-- ----------------------------
-- Indexes structure for table CODE_VALUE_EXTEND
-- ----------------------------
CREATE INDEX "PLATFORM400"."FK_4T5APHJWWDJ6J933V93HNKB4P_1"
ON "PLATFORM400"."CODE_VALUE_EXTEND" ("CODE_VALUE_ID" ASC)
LOGGING
VISIBLE;

-- ----------------------------
-- Checks structure for table "PLATFORM400"."CODE_VALUE_EXTEND"
-- ----------------------------
ALTER TABLE "PLATFORM400"."CODE_VALUE_EXTEND" ADD CHECK ("ROW_ID" IS NOT NULL);

-- ----------------------------
-- Primary Key structure for table "PLATFORM400"."CODE_VALUE_EXTEND"
-- ----------------------------
ALTER TABLE "PLATFORM400"."CODE_VALUE_EXTEND" ADD PRIMARY KEY ("ROW_ID");

-- ----------------------------
-- Indexes structure for table CODEVALUE
-- ----------------------------
CREATE INDEX "PLATFORM400"."FK_7DYHC8UL4D8LSM29057BV9K68_1"
ON "PLATFORM400"."CODEVALUE" ("PARRENT_ITEM_ID" ASC)
LOGGING
VISIBLE;

-- ----------------------------
-- Checks structure for table "PLATFORM400"."CODEVALUE"
-- ----------------------------
ALTER TABLE "PLATFORM400"."CODEVALUE" ADD CHECK ("ROW_ID" IS NOT NULL);
ALTER TABLE "PLATFORM400"."CODEVALUE" ADD CHECK ("CODE_ID" IS NOT NULL);
ALTER TABLE "PLATFORM400"."CODEVALUE" ADD CHECK ("DEL_FLAG" IS NOT NULL);
ALTER TABLE "PLATFORM400"."CODEVALUE" ADD CHECK ("ITEM_CODE" IS NOT NULL);
ALTER TABLE "PLATFORM400"."CODEVALUE" ADD CHECK ("ITEM_TEXT" IS NOT NULL);
ALTER TABLE "PLATFORM400"."CODEVALUE" ADD CHECK ("ITEM_VALUE" IS NOT NULL);
ALTER TABLE "PLATFORM400"."CODEVALUE" ADD CHECK ("SORT_SQ" IS NOT NULL);

-- ----------------------------
-- Primary Key structure for table "PLATFORM400"."CODEVALUE"
-- ----------------------------
ALTER TABLE "PLATFORM400"."CODEVALUE" ADD PRIMARY KEY ("ROW_ID");

-- ----------------------------
-- Indexes structure for table CONTENT_ATTACHS
-- ----------------------------

-- ----------------------------
-- Checks structure for table "PLATFORM400"."CONTENT_ATTACHS"
-- ----------------------------
ALTER TABLE "PLATFORM400"."CONTENT_ATTACHS" ADD CHECK ("ROW_ID" IS NOT NULL);

-- ----------------------------
-- Primary Key structure for table "PLATFORM400"."CONTENT_ATTACHS"
-- ----------------------------
ALTER TABLE "PLATFORM400"."CONTENT_ATTACHS" ADD PRIMARY KEY ("ROW_ID");

-- ----------------------------
-- Indexes structure for table CONTENT_INFORMATIONS
-- ----------------------------
CREATE INDEX "PLATFORM400"."FK_76OTGBI1KOIO4EP10M9JSXGVG_1"
ON "PLATFORM400"."CONTENT_INFORMATIONS" ("DEPT_ID" ASC)
LOGGING
VISIBLE;
CREATE INDEX "PLATFORM400"."FK_7PEPQ8E2IA6S1I63DUYABSF1V_1"
ON "PLATFORM400"."CONTENT_INFORMATIONS" ("USER_ID" ASC)
LOGGING
VISIBLE;

-- ----------------------------
-- Checks structure for table "PLATFORM400"."CONTENT_INFORMATIONS"
-- ----------------------------
ALTER TABLE "PLATFORM400"."CONTENT_INFORMATIONS" ADD CHECK ("ROW_ID" IS NOT NULL);

-- ----------------------------
-- Primary Key structure for table "PLATFORM400"."CONTENT_INFORMATIONS"
-- ----------------------------
ALTER TABLE "PLATFORM400"."CONTENT_INFORMATIONS" ADD PRIMARY KEY ("ROW_ID");

-- ----------------------------
-- Indexes structure for table DATA_LOG
-- ----------------------------
CREATE INDEX "PLATFORM400"."FK_AEWANLXI3JOMRPVF0I0X6TH3K_1"
ON "PLATFORM400"."DATA_LOG" ("CREATEUSERID" ASC)
LOGGING
VISIBLE;

-- ----------------------------
-- Checks structure for table "PLATFORM400"."DATA_LOG"
-- ----------------------------
ALTER TABLE "PLATFORM400"."DATA_LOG" ADD CHECK ("ROW_ID" IS NOT NULL);

-- ----------------------------
-- Primary Key structure for table "PLATFORM400"."DATA_LOG"
-- ----------------------------
ALTER TABLE "PLATFORM400"."DATA_LOG" ADD PRIMARY KEY ("ROW_ID");

-- ----------------------------
-- Indexes structure for table DEPARTMENT
-- ----------------------------
CREATE INDEX "PLATFORM400"."FK_2J9AQ6HKBQ4X9Q4FSSMEK759E_1"
ON "PLATFORM400"."DEPARTMENT" ("PARENT_DEPT_ID" ASC)
LOGGING
VISIBLE;

-- ----------------------------
-- Checks structure for table "PLATFORM400"."DEPARTMENT"
-- ----------------------------
ALTER TABLE "PLATFORM400"."DEPARTMENT" ADD CHECK ("ROW_ID" IS NOT NULL);
ALTER TABLE "PLATFORM400"."DEPARTMENT" ADD CHECK ("DEL_FLAG" IS NOT NULL);
ALTER TABLE "PLATFORM400"."DEPARTMENT" ADD CHECK ("DEPT_CODE" IS NOT NULL);
ALTER TABLE "PLATFORM400"."DEPARTMENT" ADD CHECK ("DEPT_NAME" IS NOT NULL);
ALTER TABLE "PLATFORM400"."DEPARTMENT" ADD CHECK ("HAS_CHILD" IS NOT NULL);
ALTER TABLE "PLATFORM400"."DEPARTMENT" ADD CHECK ("SORT_SQ" IS NOT NULL);

-- ----------------------------
-- Primary Key structure for table "PLATFORM400"."DEPARTMENT"
-- ----------------------------
ALTER TABLE "PLATFORM400"."DEPARTMENT" ADD PRIMARY KEY ("ROW_ID");

-- ----------------------------
-- Indexes structure for table DEPT_EXTEND
-- ----------------------------

-- ----------------------------
-- Checks structure for table "PLATFORM400"."DEPT_EXTEND"
-- ----------------------------
ALTER TABLE "PLATFORM400"."DEPT_EXTEND" ADD CHECK ("ROW_ID" IS NOT NULL);

-- ----------------------------
-- Primary Key structure for table "PLATFORM400"."DEPT_EXTEND"
-- ----------------------------
ALTER TABLE "PLATFORM400"."DEPT_EXTEND" ADD PRIMARY KEY ("ROW_ID");

-- ----------------------------
-- Indexes structure for table EXCEPTION_LOG
-- ----------------------------
CREATE INDEX "PLATFORM400"."FK_A0BDDO4RHUD47GVN421Q961K0_1"
ON "PLATFORM400"."EXCEPTION_LOG" ("CREATEUSERID" ASC)
LOGGING
VISIBLE;

-- ----------------------------
-- Checks structure for table "PLATFORM400"."EXCEPTION_LOG"
-- ----------------------------
ALTER TABLE "PLATFORM400"."EXCEPTION_LOG" ADD CHECK ("ROW_ID" IS NOT NULL);

-- ----------------------------
-- Primary Key structure for table "PLATFORM400"."EXCEPTION_LOG"
-- ----------------------------
ALTER TABLE "PLATFORM400"."EXCEPTION_LOG" ADD PRIMARY KEY ("ROW_ID");

-- ----------------------------
-- Indexes structure for table FORM_CATEGORY
-- ----------------------------

-- ----------------------------
-- Checks structure for table "PLATFORM400"."FORM_CATEGORY"
-- ----------------------------
ALTER TABLE "PLATFORM400"."FORM_CATEGORY" ADD CHECK ("ROW_ID" IS NOT NULL);
ALTER TABLE "PLATFORM400"."FORM_CATEGORY" ADD CHECK ("CATEGORY_NAME" IS NOT NULL);
ALTER TABLE "PLATFORM400"."FORM_CATEGORY" ADD CHECK ("CATEGORY_NUM" IS NOT NULL);
ALTER TABLE "PLATFORM400"."FORM_CATEGORY" ADD CHECK ("SORT_SQ" IS NOT NULL);

-- ----------------------------
-- Primary Key structure for table "PLATFORM400"."FORM_CATEGORY"
-- ----------------------------
ALTER TABLE "PLATFORM400"."FORM_CATEGORY" ADD PRIMARY KEY ("ROW_ID");

-- ----------------------------
-- Indexes structure for table FORM_INCATEGORY
-- ----------------------------

-- ----------------------------
-- Checks structure for table "PLATFORM400"."FORM_INCATEGORY"
-- ----------------------------
ALTER TABLE "PLATFORM400"."FORM_INCATEGORY" ADD CHECK ("ROW_ID" IS NOT NULL);

-- ----------------------------
-- Primary Key structure for table "PLATFORM400"."FORM_INCATEGORY"
-- ----------------------------
ALTER TABLE "PLATFORM400"."FORM_INCATEGORY" ADD PRIMARY KEY ("ROW_ID");

-- ----------------------------
-- Indexes structure for table FORM_TABLEFIELD
-- ----------------------------
CREATE INDEX "PLATFORM400"."FK_QYHSL3QIBHNUKV9KGIQKWN9TO_1"
ON "PLATFORM400"."FORM_TABLEFIELD" ("TABLEID" ASC)
LOGGING
VISIBLE;

-- ----------------------------
-- Checks structure for table "PLATFORM400"."FORM_TABLEFIELD"
-- ----------------------------
ALTER TABLE "PLATFORM400"."FORM_TABLEFIELD" ADD CHECK ("ROW_ID" IS NOT NULL);
ALTER TABLE "PLATFORM400"."FORM_TABLEFIELD" ADD CHECK ("TABLEID" IS NOT NULL);

-- ----------------------------
-- Primary Key structure for table "PLATFORM400"."FORM_TABLEFIELD"
-- ----------------------------
ALTER TABLE "PLATFORM400"."FORM_TABLEFIELD" ADD PRIMARY KEY ("ROW_ID");

-- ----------------------------
-- Indexes structure for table FORM_TABLEINFO
-- ----------------------------

-- ----------------------------
-- Checks structure for table "PLATFORM400"."FORM_TABLEINFO"
-- ----------------------------
ALTER TABLE "PLATFORM400"."FORM_TABLEINFO" ADD CHECK ("ROW_ID" IS NOT NULL);

-- ----------------------------
-- Primary Key structure for table "PLATFORM400"."FORM_TABLEINFO"
-- ----------------------------
ALTER TABLE "PLATFORM400"."FORM_TABLEINFO" ADD PRIMARY KEY ("ROW_ID");

-- ----------------------------
-- Indexes structure for table FUNCTION_POINT
-- ----------------------------
CREATE INDEX "PLATFORM400"."FK_FUNC_POINT_IDX"
ON "PLATFORM400"."FUNCTION_POINT" ("MODULE_ID" ASC)
LOGGING
VISIBLE;

-- ----------------------------
-- Checks structure for table "PLATFORM400"."FUNCTION_POINT"
-- ----------------------------
ALTER TABLE "PLATFORM400"."FUNCTION_POINT" ADD CHECK ("ROW_ID" IS NOT NULL);

-- ----------------------------
-- Primary Key structure for table "PLATFORM400"."FUNCTION_POINT"
-- ----------------------------
ALTER TABLE "PLATFORM400"."FUNCTION_POINT" ADD PRIMARY KEY ("ROW_ID");

-- ----------------------------
-- Indexes structure for table LEAVE_INFO
-- ----------------------------

-- ----------------------------
-- Checks structure for table "PLATFORM400"."LEAVE_INFO"
-- ----------------------------
ALTER TABLE "PLATFORM400"."LEAVE_INFO" ADD CHECK ("ROW_ID" IS NOT NULL);

-- ----------------------------
-- Primary Key structure for table "PLATFORM400"."LEAVE_INFO"
-- ----------------------------
ALTER TABLE "PLATFORM400"."LEAVE_INFO" ADD PRIMARY KEY ("ROW_ID");

-- ----------------------------
-- Indexes structure for table LINKED_DEPARTMENT
-- ----------------------------
CREATE INDEX "PLATFORM400"."FK_3NRPC7HMGXN5OQN1O7GSDPP9G_1"
ON "PLATFORM400"."LINKED_DEPARTMENT" ("MAIN_DEPT_ID" ASC)
LOGGING
VISIBLE;
CREATE INDEX "PLATFORM400"."FK_QEU3FSGO4UAC6KWD52HUF53FW_1"
ON "PLATFORM400"."LINKED_DEPARTMENT" ("SUB_DEPT_ID" ASC)
LOGGING
VISIBLE;

-- ----------------------------
-- Checks structure for table "PLATFORM400"."LINKED_DEPARTMENT"
-- ----------------------------
ALTER TABLE "PLATFORM400"."LINKED_DEPARTMENT" ADD CHECK ("ROW_ID" IS NOT NULL);

-- ----------------------------
-- Primary Key structure for table "PLATFORM400"."LINKED_DEPARTMENT"
-- ----------------------------
ALTER TABLE "PLATFORM400"."LINKED_DEPARTMENT" ADD PRIMARY KEY ("ROW_ID");

-- ----------------------------
-- Indexes structure for table LOGIN_IMAGE
-- ----------------------------

-- ----------------------------
-- Checks structure for table "PLATFORM400"."LOGIN_IMAGE"
-- ----------------------------
ALTER TABLE "PLATFORM400"."LOGIN_IMAGE" ADD CHECK ("ROW_ID" IS NOT NULL);

-- ----------------------------
-- Primary Key structure for table "PLATFORM400"."LOGIN_IMAGE"
-- ----------------------------
ALTER TABLE "PLATFORM400"."LOGIN_IMAGE" ADD PRIMARY KEY ("ROW_ID");

-- ----------------------------
-- Indexes structure for table LOGON_LOG
-- ----------------------------
CREATE INDEX "PLATFORM400"."FK_S43LD2A8VTF1LNA5U5G7Y9RJX_1"
ON "PLATFORM400"."LOGON_LOG" ("USER_ID" ASC)
LOGGING
VISIBLE;

-- ----------------------------
-- Checks structure for table "PLATFORM400"."LOGON_LOG"
-- ----------------------------
ALTER TABLE "PLATFORM400"."LOGON_LOG" ADD CHECK ("ROW_ID" IS NOT NULL);

-- ----------------------------
-- Primary Key structure for table "PLATFORM400"."LOGON_LOG"
-- ----------------------------
ALTER TABLE "PLATFORM400"."LOGON_LOG" ADD PRIMARY KEY ("ROW_ID");

-- ----------------------------
-- Indexes structure for table MODULE
-- ----------------------------
CREATE INDEX "PLATFORM400"."FK_L7MLOJOUBMN0G815LM6VNUMSW_1"
ON "PLATFORM400"."MODULE" ("PARENT_MODULE_ID" ASC)
LOGGING
VISIBLE;

-- ----------------------------
-- Checks structure for table "PLATFORM400"."MODULE"
-- ----------------------------
ALTER TABLE "PLATFORM400"."MODULE" ADD CHECK ("ROW_ID" IS NOT NULL);
ALTER TABLE "PLATFORM400"."MODULE" ADD CHECK ("IS_VISIBLE" IS NOT NULL);
ALTER TABLE "PLATFORM400"."MODULE" ADD CHECK ("MODULE_CODE" IS NOT NULL);
ALTER TABLE "PLATFORM400"."MODULE" ADD CHECK ("MODULE_NAME" IS NOT NULL);

-- ----------------------------
-- Primary Key structure for table "PLATFORM400"."MODULE"
-- ----------------------------
ALTER TABLE "PLATFORM400"."MODULE" ADD PRIMARY KEY ("ROW_ID");

-- ----------------------------
-- Indexes structure for table MODULE_RIGHT
-- ----------------------------
CREATE INDEX "PLATFORM400"."FK_FS7K0FFBU9MYWRNBRCG76GMXY_1"
ON "PLATFORM400"."MODULE_RIGHT" ("MODULE_ID" ASC)
LOGGING
VISIBLE;
CREATE INDEX "PLATFORM400"."FK_PDUDUQO2DJVAV7OQ0QPY7653W_1"
ON "PLATFORM400"."MODULE_RIGHT" ("ROLE_ID" ASC)
LOGGING
VISIBLE;

-- ----------------------------
-- Checks structure for table "PLATFORM400"."MODULE_RIGHT"
-- ----------------------------
ALTER TABLE "PLATFORM400"."MODULE_RIGHT" ADD CHECK ("ROW_ID" IS NOT NULL);

-- ----------------------------
-- Primary Key structure for table "PLATFORM400"."MODULE_RIGHT"
-- ----------------------------
ALTER TABLE "PLATFORM400"."MODULE_RIGHT" ADD PRIMARY KEY ("ROW_ID");

-- ----------------------------
-- Indexes structure for table ONLINE_USER
-- ----------------------------
CREATE INDEX "PLATFORM400"."FK_L4AILTJ62CKW1OM7DCPFE2HLH_1"
ON "PLATFORM400"."ONLINE_USER" ("USER_ID" ASC)
LOGGING
VISIBLE;

-- ----------------------------
-- Checks structure for table "PLATFORM400"."ONLINE_USER"
-- ----------------------------
ALTER TABLE "PLATFORM400"."ONLINE_USER" ADD CHECK ("ROW_ID" IS NOT NULL);

-- ----------------------------
-- Primary Key structure for table "PLATFORM400"."ONLINE_USER"
-- ----------------------------
ALTER TABLE "PLATFORM400"."ONLINE_USER" ADD PRIMARY KEY ("ROW_ID");

-- ----------------------------
-- Indexes structure for table OPERATION_LOG
-- ----------------------------
CREATE INDEX "PLATFORM400"."FK_5CGKS5S0UKLKK0D2PR5BQH1GK_1"
ON "PLATFORM400"."OPERATION_LOG" ("USER_ID" ASC)
LOGGING
VISIBLE;
CREATE INDEX "PLATFORM400"."FK_QY8INKXG8WX61JJQ5THNI3BWY_1"
ON "PLATFORM400"."OPERATION_LOG" ("MODULE_ID" ASC)
LOGGING
VISIBLE;

-- ----------------------------
-- Checks structure for table "PLATFORM400"."OPERATION_LOG"
-- ----------------------------
ALTER TABLE "PLATFORM400"."OPERATION_LOG" ADD CHECK ("ROW_ID" IS NOT NULL);

-- ----------------------------
-- Primary Key structure for table "PLATFORM400"."OPERATION_LOG"
-- ----------------------------
ALTER TABLE "PLATFORM400"."OPERATION_LOG" ADD PRIMARY KEY ("ROW_ID");

-- ----------------------------
-- Indexes structure for table PERMISSION
-- ----------------------------
CREATE INDEX "PLATFORM400"."FK_8JXBHN4X4PSK6A4G4UNUQ0YKY_1"
ON "PLATFORM400"."PERMISSION" ("ROLE_ID" ASC)
LOGGING
VISIBLE;

-- ----------------------------
-- Checks structure for table "PLATFORM400"."PERMISSION"
-- ----------------------------
ALTER TABLE "PLATFORM400"."PERMISSION" ADD CHECK ("ROW_ID" IS NOT NULL);
ALTER TABLE "PLATFORM400"."PERMISSION" ADD CHECK ("PERMISSION_EXPRESSION" IS NOT NULL);

-- ----------------------------
-- Primary Key structure for table "PLATFORM400"."PERMISSION"
-- ----------------------------
ALTER TABLE "PLATFORM400"."PERMISSION" ADD PRIMARY KEY ("ROW_ID");

-- ----------------------------
-- Indexes structure for table PORTAL
-- ----------------------------

-- ----------------------------
-- Checks structure for table "PLATFORM400"."PORTAL"
-- ----------------------------
ALTER TABLE "PLATFORM400"."PORTAL" ADD CHECK ("ROW_ID" IS NOT NULL);

-- ----------------------------
-- Primary Key structure for table "PLATFORM400"."PORTAL"
-- ----------------------------
ALTER TABLE "PLATFORM400"."PORTAL" ADD PRIMARY KEY ("ROW_ID");

-- ----------------------------
-- Indexes structure for table PORTAL_PERSONAL
-- ----------------------------

-- ----------------------------
-- Checks structure for table "PLATFORM400"."PORTAL_PERSONAL"
-- ----------------------------
ALTER TABLE "PLATFORM400"."PORTAL_PERSONAL" ADD CHECK ("ROW_ID" IS NOT NULL);

-- ----------------------------
-- Primary Key structure for table "PLATFORM400"."PORTAL_PERSONAL"
-- ----------------------------
ALTER TABLE "PLATFORM400"."PORTAL_PERSONAL" ADD PRIMARY KEY ("ROW_ID");

-- ----------------------------
-- Indexes structure for table PORTAL_RIGHT
-- ----------------------------
CREATE INDEX "PLATFORM400"."FK_3Q9CM52G8F3SH38EIW4242MER_1"
ON "PLATFORM400"."PORTAL_RIGHT" ("PORTAL_ID" ASC)
LOGGING
VISIBLE;
CREATE INDEX "PLATFORM400"."FK_7YYOVG6TGKT7QTHBKIHJCVFUH_1"
ON "PLATFORM400"."PORTAL_RIGHT" ("ROLE_ID" ASC)
LOGGING
VISIBLE;

-- ----------------------------
-- Checks structure for table "PLATFORM400"."PORTAL_RIGHT"
-- ----------------------------
ALTER TABLE "PLATFORM400"."PORTAL_RIGHT" ADD CHECK ("ROW_ID" IS NOT NULL);

-- ----------------------------
-- Primary Key structure for table "PLATFORM400"."PORTAL_RIGHT"
-- ----------------------------
ALTER TABLE "PLATFORM400"."PORTAL_RIGHT" ADD PRIMARY KEY ("ROW_ID");

-- ----------------------------
-- Indexes structure for table QUICKLY_START
-- ----------------------------
CREATE INDEX "PLATFORM400"."FK_F53MOS0FGMS6AEBIWBDVWFVXE_1"
ON "PLATFORM400"."QUICKLY_START" ("USER_ID" ASC)
LOGGING
VISIBLE;
CREATE INDEX "PLATFORM400"."FK_N98R9JVV1VNEMQE44P8XN1074_1"
ON "PLATFORM400"."QUICKLY_START" ("MODULE_ID" ASC)
LOGGING
VISIBLE;

-- ----------------------------
-- Checks structure for table "PLATFORM400"."QUICKLY_START"
-- ----------------------------
ALTER TABLE "PLATFORM400"."QUICKLY_START" ADD CHECK ("ROW_ID" IS NOT NULL);

-- ----------------------------
-- Primary Key structure for table "PLATFORM400"."QUICKLY_START"
-- ----------------------------
ALTER TABLE "PLATFORM400"."QUICKLY_START" ADD PRIMARY KEY ("ROW_ID");

-- ----------------------------
-- Indexes structure for table REPORT
-- ----------------------------

-- ----------------------------
-- Checks structure for table "PLATFORM400"."REPORT"
-- ----------------------------
ALTER TABLE "PLATFORM400"."REPORT" ADD CHECK ("ROW_ID" IS NOT NULL);
ALTER TABLE "PLATFORM400"."REPORT" ADD CHECK ("DELFLAG" IS NOT NULL);
ALTER TABLE "PLATFORM400"."REPORT" ADD CHECK ("DEPLOYFILENAME" IS NOT NULL);
ALTER TABLE "PLATFORM400"."REPORT" ADD CHECK ("REPORTNAME" IS NOT NULL);
ALTER TABLE "PLATFORM400"."REPORT" ADD CHECK ("URL" IS NOT NULL);

-- ----------------------------
-- Primary Key structure for table "PLATFORM400"."REPORT"
-- ----------------------------
ALTER TABLE "PLATFORM400"."REPORT" ADD PRIMARY KEY ("ROW_ID");

-- ----------------------------
-- Indexes structure for table REPORT_ATTACHMENT
-- ----------------------------

-- ----------------------------
-- Checks structure for table "PLATFORM400"."REPORT_ATTACHMENT"
-- ----------------------------
ALTER TABLE "PLATFORM400"."REPORT_ATTACHMENT" ADD CHECK ("ROW_ID" IS NOT NULL);
ALTER TABLE "PLATFORM400"."REPORT_ATTACHMENT" ADD CHECK ("FILENAME" IS NOT NULL);
ALTER TABLE "PLATFORM400"."REPORT_ATTACHMENT" ADD CHECK ("REPORTID" IS NOT NULL);
ALTER TABLE "PLATFORM400"."REPORT_ATTACHMENT" ADD CHECK ("REPORTNAME" IS NOT NULL);
ALTER TABLE "PLATFORM400"."REPORT_ATTACHMENT" ADD CHECK ("UPLOADFILEPATH" IS NOT NULL);

-- ----------------------------
-- Primary Key structure for table "PLATFORM400"."REPORT_ATTACHMENT"
-- ----------------------------
ALTER TABLE "PLATFORM400"."REPORT_ATTACHMENT" ADD PRIMARY KEY ("ROW_ID");

-- ----------------------------
-- Indexes structure for table USER_BEHAVIOR
-- ----------------------------

-- ----------------------------
-- Checks structure for table "PLATFORM400"."USER_BEHAVIOR"
-- ----------------------------
ALTER TABLE "PLATFORM400"."USER_BEHAVIOR" ADD CHECK ("ROW_ID" IS NOT NULL);

-- ----------------------------
-- Primary Key structure for table "PLATFORM400"."USER_BEHAVIOR"
-- ----------------------------
ALTER TABLE "PLATFORM400"."USER_BEHAVIOR" ADD PRIMARY KEY ("ROW_ID");

-- ----------------------------
-- Indexes structure for table USER_BEHAVIOR_LOG
-- ----------------------------
CREATE INDEX "PLATFORM400"."FK_A52WJ4XRJWQAISFY9IV5JV9BV_1"
ON "PLATFORM400"."USER_BEHAVIOR_LOG" ("CREATEUSERID" ASC)
LOGGING
VISIBLE;
CREATE INDEX "PLATFORM400"."FK_IKQI63PL9FM5BG2NC7R14CE24_1"
ON "PLATFORM400"."USER_BEHAVIOR_LOG" ("BEHAVIOR_ID" ASC)
LOGGING
VISIBLE;

-- ----------------------------
-- Checks structure for table "PLATFORM400"."USER_BEHAVIOR_LOG"
-- ----------------------------
ALTER TABLE "PLATFORM400"."USER_BEHAVIOR_LOG" ADD CHECK ("ROW_ID" IS NOT NULL);

-- ----------------------------
-- Primary Key structure for table "PLATFORM400"."USER_BEHAVIOR_LOG"
-- ----------------------------
ALTER TABLE "PLATFORM400"."USER_BEHAVIOR_LOG" ADD PRIMARY KEY ("ROW_ID");

-- ----------------------------
-- Indexes structure for table USER_EXTEND
-- ----------------------------

-- ----------------------------
-- Checks structure for table "PLATFORM400"."USER_EXTEND"
-- ----------------------------
ALTER TABLE "PLATFORM400"."USER_EXTEND" ADD CHECK ("ROW_ID" IS NOT NULL);

-- ----------------------------
-- Primary Key structure for table "PLATFORM400"."USER_EXTEND"
-- ----------------------------
ALTER TABLE "PLATFORM400"."USER_EXTEND" ADD PRIMARY KEY ("ROW_ID");

-- ----------------------------
-- Indexes structure for table USER_LINKED_DEPT
-- ----------------------------

-- ----------------------------
-- Checks structure for table "PLATFORM400"."USER_LINKED_DEPT"
-- ----------------------------
ALTER TABLE "PLATFORM400"."USER_LINKED_DEPT" ADD CHECK ("ROW_ID" IS NOT NULL);
ALTER TABLE "PLATFORM400"."USER_LINKED_DEPT" ADD CHECK ("LINKED_DEP_ID" IS NOT NULL);
ALTER TABLE "PLATFORM400"."USER_LINKED_DEPT" ADD CHECK ("USER_ID" IS NOT NULL);

-- ----------------------------
-- Primary Key structure for table "PLATFORM400"."USER_LINKED_DEPT"
-- ----------------------------
ALTER TABLE "PLATFORM400"."USER_LINKED_DEPT" ADD PRIMARY KEY ("ROW_ID");

-- ----------------------------
-- Indexes structure for table USER_RIGHT
-- ----------------------------
CREATE INDEX "PLATFORM400"."FK_64APPH6QGUUFG95GTRV90DV7V_1"
ON "PLATFORM400"."USER_RIGHT" ("USER_ID" ASC)
LOGGING
VISIBLE;
CREATE INDEX "PLATFORM400"."FK_MER9JAWRAHEGI5XV6WYNH74VW_1"
ON "PLATFORM400"."USER_RIGHT" ("ROLE_ID" ASC)
LOGGING
VISIBLE;

-- ----------------------------
-- Checks structure for table "PLATFORM400"."USER_RIGHT"
-- ----------------------------
ALTER TABLE "PLATFORM400"."USER_RIGHT" ADD CHECK ("ROW_ID" IS NOT NULL);

-- ----------------------------
-- Primary Key structure for table "PLATFORM400"."USER_RIGHT"
-- ----------------------------
ALTER TABLE "PLATFORM400"."USER_RIGHT" ADD PRIMARY KEY ("ROW_ID");

-- ----------------------------
-- Indexes structure for table USERROLE
-- ----------------------------
CREATE INDEX "PLATFORM400"."FK_RH8W4VNF1WU80GYK3NFP97DQ3_1"
ON "PLATFORM400"."USERROLE" ("PARENT_ROLE_ID" ASC)
LOGGING
VISIBLE;
CREATE INDEX "PLATFORM400"."SIS_C0034114"
ON "PLATFORM400"."USERROLE" ("ROLENAME" ASC)
LOGGING
VISIBLE;

-- ----------------------------
-- Checks structure for table "PLATFORM400"."USERROLE"
-- ----------------------------
ALTER TABLE "PLATFORM400"."USERROLE" ADD CHECK ("ROW_ID" IS NOT NULL);

-- ----------------------------
-- Primary Key structure for table "PLATFORM400"."USERROLE"
-- ----------------------------
ALTER TABLE "PLATFORM400"."USERROLE" ADD PRIMARY KEY ("ROW_ID");

-- ----------------------------
-- Indexes structure for table USERS
-- ----------------------------
CREATE INDEX "PLATFORM400"."FK_9AG9WRTM6F9XP9UUHEQ9PSD8Y_1"
ON "PLATFORM400"."USERS" ("DEPT_ID" ASC)
LOGGING
VISIBLE;

-- ----------------------------
-- Checks structure for table "PLATFORM400"."USERS"
-- ----------------------------
ALTER TABLE "PLATFORM400"."USERS" ADD CHECK ("ROW_ID" IS NOT NULL);
ALTER TABLE "PLATFORM400"."USERS" ADD CHECK ("DEL_FLAG" IS NOT NULL);
ALTER TABLE "PLATFORM400"."USERS" ADD CHECK ("DEPT_CODE" IS NOT NULL);
ALTER TABLE "PLATFORM400"."USERS" ADD CHECK ("DISPLAY_NAME" IS NOT NULL);
ALTER TABLE "PLATFORM400"."USERS" ADD CHECK ("LOGIN_ID" IS NOT NULL);
ALTER TABLE "PLATFORM400"."USERS" ADD CHECK ("PASSWORD" IS NOT NULL);

-- ----------------------------
-- Primary Key structure for table "PLATFORM400"."USERS"
-- ----------------------------
ALTER TABLE "PLATFORM400"."USERS" ADD PRIMARY KEY ("ROW_ID");

-- ----------------------------
-- Indexes structure for table VERSION
-- ----------------------------

-- ----------------------------
-- Checks structure for table "PLATFORM400"."VERSION"
-- ----------------------------
ALTER TABLE "PLATFORM400"."VERSION" ADD CHECK ("ROW_ID" IS NOT NULL);

-- ----------------------------
-- Primary Key structure for table "PLATFORM400"."VERSION"
-- ----------------------------
ALTER TABLE "PLATFORM400"."VERSION" ADD PRIMARY KEY ("ROW_ID");

-- ----------------------------
-- Foreign Key structure for table "PLATFORM400"."BEHAVIOR_LOG_PARAM"
-- ----------------------------
ALTER TABLE "PLATFORM400"."BEHAVIOR_LOG_PARAM" ADD FOREIGN KEY ("LOG_ID") REFERENCES "PLATFORM400"."USER_BEHAVIOR_LOG" ("ROW_ID");

-- ----------------------------
-- Foreign Key structure for table "PLATFORM400"."CODE_VALUE_EXTEND"
-- ----------------------------
ALTER TABLE "PLATFORM400"."CODE_VALUE_EXTEND" ADD FOREIGN KEY ("CODE_VALUE_ID") REFERENCES "PLATFORM400"."CODEVALUE" ("ROW_ID");

-- ----------------------------
-- Foreign Key structure for table "PLATFORM400"."CODEVALUE"
-- ----------------------------
ALTER TABLE "PLATFORM400"."CODEVALUE" ADD FOREIGN KEY ("PARRENT_ITEM_ID") REFERENCES "PLATFORM400"."CODEVALUE" ("ROW_ID");

-- ----------------------------
-- Foreign Key structure for table "PLATFORM400"."CONTENT_INFORMATIONS"
-- ----------------------------
ALTER TABLE "PLATFORM400"."CONTENT_INFORMATIONS" ADD FOREIGN KEY ("DEPT_ID") REFERENCES "PLATFORM400"."DEPARTMENT" ("ROW_ID");
ALTER TABLE "PLATFORM400"."CONTENT_INFORMATIONS" ADD FOREIGN KEY ("USER_ID") REFERENCES "PLATFORM400"."USERS" ("ROW_ID");

-- ----------------------------
-- Foreign Key structure for table "PLATFORM400"."DATA_LOG"
-- ----------------------------
ALTER TABLE "PLATFORM400"."DATA_LOG" ADD FOREIGN KEY ("CREATEUSERID") REFERENCES "PLATFORM400"."USERS" ("ROW_ID");

-- ----------------------------
-- Foreign Key structure for table "PLATFORM400"."DEPARTMENT"
-- ----------------------------
ALTER TABLE "PLATFORM400"."DEPARTMENT" ADD FOREIGN KEY ("PARENT_DEPT_ID") REFERENCES "PLATFORM400"."DEPARTMENT" ("ROW_ID");

-- ----------------------------
-- Foreign Key structure for table "PLATFORM400"."DEPT_EXTEND"
-- ----------------------------
ALTER TABLE "PLATFORM400"."DEPT_EXTEND" ADD FOREIGN KEY ("DEPT_ID") REFERENCES "PLATFORM400"."DEPARTMENT" ("ROW_ID");

-- ----------------------------
-- Foreign Key structure for table "PLATFORM400"."EXCEPTION_LOG"
-- ----------------------------
ALTER TABLE "PLATFORM400"."EXCEPTION_LOG" ADD FOREIGN KEY ("CREATEUSERID") REFERENCES "PLATFORM400"."USERS" ("ROW_ID");

-- ----------------------------
-- Foreign Key structure for table "PLATFORM400"."FORM_TABLEFIELD"
-- ----------------------------
ALTER TABLE "PLATFORM400"."FORM_TABLEFIELD" ADD FOREIGN KEY ("TABLEID") REFERENCES "PLATFORM400"."FORM_TABLEINFO" ("ROW_ID");

-- ----------------------------
-- Foreign Key structure for table "PLATFORM400"."FUNCTION_POINT"
-- ----------------------------
ALTER TABLE "PLATFORM400"."FUNCTION_POINT" ADD FOREIGN KEY ("MODULE_ID") REFERENCES "PLATFORM400"."MODULE" ("ROW_ID");

-- ----------------------------
-- Foreign Key structure for table "PLATFORM400"."LINKED_DEPARTMENT"
-- ----------------------------
ALTER TABLE "PLATFORM400"."LINKED_DEPARTMENT" ADD FOREIGN KEY ("MAIN_DEPT_ID") REFERENCES "PLATFORM400"."DEPARTMENT" ("ROW_ID");
ALTER TABLE "PLATFORM400"."LINKED_DEPARTMENT" ADD FOREIGN KEY ("SUB_DEPT_ID") REFERENCES "PLATFORM400"."DEPARTMENT" ("ROW_ID");

-- ----------------------------
-- Foreign Key structure for table "PLATFORM400"."LOGON_LOG"
-- ----------------------------
ALTER TABLE "PLATFORM400"."LOGON_LOG" ADD FOREIGN KEY ("USER_ID") REFERENCES "PLATFORM400"."USERS" ("ROW_ID");

-- ----------------------------
-- Foreign Key structure for table "PLATFORM400"."MODULE"
-- ----------------------------
ALTER TABLE "PLATFORM400"."MODULE" ADD FOREIGN KEY ("PARENT_MODULE_ID") REFERENCES "PLATFORM400"."MODULE" ("ROW_ID");

-- ----------------------------
-- Foreign Key structure for table "PLATFORM400"."MODULE_RIGHT"
-- ----------------------------
ALTER TABLE "PLATFORM400"."MODULE_RIGHT" ADD FOREIGN KEY ("MODULE_ID") REFERENCES "PLATFORM400"."MODULE" ("ROW_ID");
ALTER TABLE "PLATFORM400"."MODULE_RIGHT" ADD FOREIGN KEY ("ROLE_ID") REFERENCES "PLATFORM400"."USERROLE" ("ROW_ID");

-- ----------------------------
-- Foreign Key structure for table "PLATFORM400"."ONLINE_USER"
-- ----------------------------
ALTER TABLE "PLATFORM400"."ONLINE_USER" ADD FOREIGN KEY ("USER_ID") REFERENCES "PLATFORM400"."USERS" ("ROW_ID");

-- ----------------------------
-- Foreign Key structure for table "PLATFORM400"."OPERATION_LOG"
-- ----------------------------
ALTER TABLE "PLATFORM400"."OPERATION_LOG" ADD FOREIGN KEY ("USER_ID") REFERENCES "PLATFORM400"."USERS" ("ROW_ID");
ALTER TABLE "PLATFORM400"."OPERATION_LOG" ADD FOREIGN KEY ("MODULE_ID") REFERENCES "PLATFORM400"."MODULE" ("ROW_ID");

-- ----------------------------
-- Foreign Key structure for table "PLATFORM400"."PERMISSION"
-- ----------------------------
ALTER TABLE "PLATFORM400"."PERMISSION" ADD FOREIGN KEY ("USER_ID") REFERENCES "PLATFORM400"."USERS" ("ROW_ID");
ALTER TABLE "PLATFORM400"."PERMISSION" ADD FOREIGN KEY ("ROLE_ID") REFERENCES "PLATFORM400"."USERROLE" ("ROW_ID");

-- ----------------------------
-- Foreign Key structure for table "PLATFORM400"."PORTAL_RIGHT"
-- ----------------------------
ALTER TABLE "PLATFORM400"."PORTAL_RIGHT" ADD FOREIGN KEY ("PORTAL_ID") REFERENCES "PLATFORM400"."PORTAL" ("ROW_ID");
ALTER TABLE "PLATFORM400"."PORTAL_RIGHT" ADD FOREIGN KEY ("ROLE_ID") REFERENCES "PLATFORM400"."USERROLE" ("ROW_ID");

-- ----------------------------
-- Foreign Key structure for table "PLATFORM400"."QUICKLY_START"
-- ----------------------------
ALTER TABLE "PLATFORM400"."QUICKLY_START" ADD FOREIGN KEY ("USER_ID") REFERENCES "PLATFORM400"."USERS" ("ROW_ID");
ALTER TABLE "PLATFORM400"."QUICKLY_START" ADD FOREIGN KEY ("MODULE_ID") REFERENCES "PLATFORM400"."MODULE" ("ROW_ID");

-- ----------------------------
-- Foreign Key structure for table "PLATFORM400"."USER_BEHAVIOR_LOG"
-- ----------------------------
ALTER TABLE "PLATFORM400"."USER_BEHAVIOR_LOG" ADD FOREIGN KEY ("CREATEUSERID") REFERENCES "PLATFORM400"."USERS" ("ROW_ID");
ALTER TABLE "PLATFORM400"."USER_BEHAVIOR_LOG" ADD FOREIGN KEY ("BEHAVIOR_ID") REFERENCES "PLATFORM400"."USER_BEHAVIOR" ("ROW_ID");

-- ----------------------------
-- Foreign Key structure for table "PLATFORM400"."USER_EXTEND"
-- ----------------------------
ALTER TABLE "PLATFORM400"."USER_EXTEND" ADD FOREIGN KEY ("USER_ID") REFERENCES "PLATFORM400"."USERS" ("ROW_ID");

-- ----------------------------
-- Foreign Key structure for table "PLATFORM400"."USER_LINKED_DEPT"
-- ----------------------------
ALTER TABLE "PLATFORM400"."USER_LINKED_DEPT" ADD FOREIGN KEY ("LINKED_DEP_ID") REFERENCES "PLATFORM400"."DEPARTMENT" ("ROW_ID");

-- ----------------------------
-- Foreign Key structure for table "PLATFORM400"."USER_RIGHT"
-- ----------------------------
ALTER TABLE "PLATFORM400"."USER_RIGHT" ADD FOREIGN KEY ("USER_ID") REFERENCES "PLATFORM400"."USERS" ("ROW_ID");
ALTER TABLE "PLATFORM400"."USER_RIGHT" ADD FOREIGN KEY ("ROLE_ID") REFERENCES "PLATFORM400"."USERROLE" ("ROW_ID");

-- ----------------------------
-- Foreign Key structure for table "PLATFORM400"."USERROLE"
-- ----------------------------
ALTER TABLE "PLATFORM400"."USERROLE" ADD FOREIGN KEY ("PARENT_ROLE_ID") REFERENCES "PLATFORM400"."USERROLE" ("ROW_ID");

-- ----------------------------
-- Foreign Key structure for table "PLATFORM400"."USERS"
-- ----------------------------
ALTER TABLE "PLATFORM400"."USERS" ADD FOREIGN KEY ("DEPT_ID") REFERENCES "PLATFORM400"."DEPARTMENT" ("ROW_ID");
